RIDX	CRIDX	CIDX	AIDX	TYPE	RELATION	VALUE	UPPER_VALUE	UNITS	ACTIVITY_COMMENT
1	1	MMV161996	1	Inhibition		0		%	Not active
1	1	MMV202458	1	Inhibition		1		%	Not active
1	1	MMV676395	1	Inhibition		12		%	Not active
1	1	MMV676406	1	Inhibition		2		%	Not active
1	1	MMV153413	1	Inhibition		3		%	Not active
1	1	MMV676468	1	Inhibition		1		%	Not active
1	1	MMV676478	1	Inhibition		1		%	Not active
1	1	MMV090930	1	Inhibition		-1		%	Not active
1	1	MMV069458	1	Inhibition		10		%	Not active
1	1	MMV676539	1	Inhibition		4		%	Not active
1	1	MMV676571	1	Inhibition		2		%	Not active
1	1	MMV676589	1	Inhibition		2		%	Not active
1	1	MMV676603	1	Inhibition		0		%	Not active
1	1	MMV687145	1	Inhibition		15		%	Not active
1	1	MMV687146	1	Inhibition		4		%	Not active
1	1	MMV687172	1	Inhibition		3		%	Not active
1	1	MMV687180	1	Inhibition		5		%	Not active
1	1	MMV687239	1	Inhibition		7		%	Not active
1	1	MMV687696	1	Inhibition		-2		%	Not active
1	1	MMV687813	1	Inhibition		0		%	Not active
1	1	MMV688262	1	Inhibition		1		%	Not active
1	1	MMV688327	1	Inhibition		11		%	Not active
1	1	MMV688508	1	Inhibition		8		%	Not active
1	1	MMV688122	1	Inhibition		41		%	Not active
1	1	MMV676386	1	Inhibition		1		%	Not active
1	1	MMV053220	1	Inhibition		1		%	Not active
1	1	MMV461553	1	Inhibition		80		%	Active
1	1	MMV611037	1	Inhibition		0		%	Not active
1	1	MMV676445	1	Inhibition		1		%	Not active
1	1	MMV012074	1	Inhibition		14		%	Not active
1	1	MMV047015	1	Inhibition		-1		%	Not active
1	1	MMV676474	1	Inhibition		23		%	Not active
1	1	MMV676501	1	Inhibition		9		%	Not active
1	1	MMV676509	1	Inhibition		4		%	Not active
1	1	MMV676520	1	Inhibition		4		%	Not active
1	1	MMV063404	1	Inhibition		0		%	Not active
1	1	MMV676555	1	Inhibition		1		%	Not active
1	1	MMV687138	1	Inhibition		12		%	Not active
1	1	MMV687170	1	Inhibition		2		%	Not active
1	1	MMV687188	1	Inhibition		3		%	Not active
1	1	MMV687273	1	Inhibition		1		%	Not active
1	1	MMV687699	1	Inhibition		1		%	Not active
1	1	MMV687730	1	Inhibition		-1		%	Not active
1	1	MMV021660	1	Inhibition		10		%	Not active
1	1	MMV688554	1	Inhibition		4		%	Not active
1	1	MMV676383	1	Inhibition		2		%	Not active
1	1	MMV676377	1	Inhibition		3		%	Not active
1	1	MMV676379	1	Inhibition		0		%	Not active
1	1	MMV676384	1	Inhibition		16		%	Not active
1	1	MMV676389	1	Inhibition		4		%	Not active
1	1	MMV676409	1	Inhibition		3		%	Not active
1	1	MMV676411	1	Inhibition		5		%	Not active
1	1	MMV676412	1	Inhibition		7		%	Not active
1	1	MMV676431	1	Inhibition		-2		%	Not active
1	1	MMV676439	1	Inhibition		0		%	Not active
1	1	MMV676444	1	Inhibition		1		%	Not active
1	1	MMV676461	1	Inhibition		11		%	Not active
1	1	MMV146306	1	Inhibition		8		%	Not active
1	1	MMV676470	1	Inhibition		2		%	Not active
1	1	MMV200748	1	Inhibition		1		%	Not active
1	1	MMV676472	1	Inhibition		1		%	Not active
1	1	MMV676476	1	Inhibition		79		%	Active
1	1	MMV676477	1	Inhibition		0		%	Not active
1	1	MMV102872	1	Inhibition		1		%	Not active
1	1	MMV676526	1	Inhibition		14		%	Not active
1	1	MMV393995	1	Inhibition		1		%	Not active
1	1	MMV676554	1	Inhibition		13		%	Not active
1	1	MMV676558	1	Inhibition		9		%	Not active
1	1	MMV676584	1	Inhibition		4		%	Not active
1	1	MMV676588	1	Inhibition		4		%	Not active
1	1	MMV676597	1	Inhibition		0		%	Not active
1	1	MMV687189	1	Inhibition		1		%	Not active
1	1	MMV687243	1	Inhibition		12		%	Not active
1	1	MMV687248	1	Inhibition		2		%	Not active
1	1	MMV687254	1	Inhibition		3		%	Not active
1	1	MMV687700	1	Inhibition		1		%	Not active
1	1	MMV687703	1	Inhibition		1		%	Not active
1	1	MMV024311	1	Inhibition		-1		%	Not active
1	1	MMV687729	1	Inhibition		10		%	Not active
1	1	MMV687747	1	Inhibition		4		%	Not active
1	1	MMV687807	1	Inhibition		2		%	Not active
1	1	MMV687812	1	Inhibition		2		%	Not active
1	1	MMV688553	1	Inhibition		0		%	Not active
1	1	MMV688555	1	Inhibition		15		%	Not active
1	1	MMV688557	1	Inhibition		4		%	Not active
1	1	MMV687251	1	Inhibition		3		%	Not active
1	1	MMV676449	1	Inhibition		5		%	Not active
1	1	MMV676401	1	Inhibition		7		%	Not active
1	1	MMV676524	1	Inhibition		-2		%	Not active
1	1	MMV688125	1	Inhibition		0		%	Not active
1	1	MMV688466	1	Inhibition		1		%	Not active
1	1	MMV687749	1	Inhibition		11		%	Not active
1	1	MMV023969 	1	Inhibition		8		%	Not active
1	1	MMV687765	1	Inhibition		2		%	Not active
1	1	MMV688124	1	Inhibition		1		%	Not active
1	1	MMV676512	1	Inhibition		1		%	Not active
1	1	MMV272144	1	Inhibition		71		%	Active
1	1	MMV495543	1	Inhibition		0		%	Not active
1	1	MMV021013	1	Inhibition		1		%	Not active
1	1	MMV054312	1	Inhibition		14		%	Not active
1	1	MMV228911	1	Inhibition		-1		%	Not active
1	1	MMV553002	1	Inhibition		23		%	Not active
1	1	MMV676388	1	Inhibition		9		%	Not active
1	1	MMV688755	1	Inhibition		29		%	Not active
1	1	MMV688756	1	Inhibition		4		%	Not active
1	1	MMV688844	1	Inhibition		0		%	Not active
1	1	MMV688845	1	Inhibition		1		%	Not active
1	1	MMV688846	1	Inhibition		12		%	Not active
1	1	MMV688888	1	Inhibition		2		%	Not active
1	1	MMV688889	1	Inhibition		3		%	Not active
1	1	MMV688891	1	Inhibition		1		%	Not active
1	1	MMV688936	1	Inhibition		1		%	Not active
1	1	MMV688939	1	Inhibition		-1		%	Not active
1	1	MMV688941	1	Inhibition		10		%	Not active
1	1	MMV661713	1	Inhibition		4		%	Not active
1	1	MMV688938	1	Inhibition		2		%	Not active
1	1	MMV019551	1	Inhibition		2		%	Not active
1	1	MMV020982	1	Inhibition		0		%	Not active
1	1	MMV560185	1	Inhibition		15		%	Not active
1	1	MMV023953	1	Inhibition		4		%	Not active
1	1	MMV022029	1	Inhibition		3		%	Not active
1	1	MMV085071	1	Inhibition		5		%	Not active
1	1	MMV011691	1	Inhibition		7		%	Not active
1	1	MMV031011	1	Inhibition		-2		%	Not active
1	1	MMV001059	1	Inhibition		0		%	Not active
1	1	MMV010764	1	Inhibition		1		%	Not active
1	1	MMV032967	1	Inhibition		11		%	Not active
1	1	MMV010576	1	Inhibition		8		%	Not active
1	1	MMV085499	1	Inhibition		2		%	Not active
1	1	MMV026468	1	Inhibition		1		%	Not active
1	1	MMV676260	1	Inhibition		1		%	Not active
1	1	MMV393144	1	Inhibition		88		%	Active
1	1	MMV392832	1	Inhibition		0		%	Not active
1	1	MMV663250	1	Inhibition		1		%	Not active
1	1	MMV024101	1	Inhibition		14		%	Not active
1	1	MMV085230	1	Inhibition		-1		%	Not active
1	1	MMV023949	1	Inhibition		23		%	Not active
1	1	MMV026550	1	Inhibition		9		%	Not active
1	1	MMV026313	1	Inhibition		4		%	Not active
1	1	MMV676269	1	Inhibition		4		%	Not active
1	1	MMV676270	1	Inhibition		0		%	Not active
1	1	MMV024195	1	Inhibition		1		%	Not active
1	1	MMV028694	1	Inhibition		12		%	Not active
1	1	MMV024114	1	Inhibition		2		%	Not active
1	1	MMV023985	1	Inhibition		36		%	Not active
1	1	MMV032995	1	Inhibition		1		%	Not active
1	1	MMV026490	1	Inhibition		1		%	Not active
1	1	MMV024937	1	Inhibition		-1		%	Not active
1	1	MMV023860	1	Inhibition		10		%	Not active
1	1	MMV024443	1	Inhibition		4		%	Not active
1	1	MMV000907	1	Inhibition		2		%	Not active
1	1	MMV676350	1	Inhibition		2		%	Not active
1	1	MMV084603	1	Inhibition		0		%	Not active
1	1	MMV026020	1	Inhibition		15		%	Not active
1	1	MMV026356	1	Inhibition		4		%	Not active
1	1	MMV023370	1	Inhibition		3		%	Not active
1	1	MMV022236	1	Inhibition		5		%	Not active
1	1	MMV019838	1	Inhibition		7		%	Not active
1	1	MMV676380	1	Inhibition		-2		%	Not active
1	1	MMV006372	1	Inhibition		0		%	Not active
1	1	MMV020512	1	Inhibition		1		%	Not active
1	1	MMV019721	1	Inhibition		11		%	Not active
1	1	MMV019234	1	Inhibition		8		%	Not active
1	1	MMV019807	1	Inhibition		2		%	Not active
1	1	MMV020623	1	Inhibition		1		%	Not active
1	1	MMV020136	1	Inhibition		1		%	Not active
1	1	MMV676442	1	Inhibition		71		%	Active
1	1	MMV007920 	1	Inhibition		0		%	Not active
1	1	MMV019189	1	Inhibition		1		%	Not active
1	1	MMV020120	1	Inhibition		14		%	Not active
1	1	MMV006901	1	Inhibition		-1		%	Not active
1	1	MMV006741	1	Inhibition		23		%	Not active
1	1	MMV006239	1	Inhibition		9		%	Not active
1	1	MMV007638	1	Inhibition		4		%	Not active
1	1	MMV020537	1	Inhibition		4		%	Not active
1	1	MMV020320	1	Inhibition		0		%	Not active
1	1	MMV020152	1	Inhibition		1		%	Not active
1	1	MMV020710	1	Inhibition		12		%	Not active
1	1	MMV020520	1	Inhibition		2		%	Not active
1	1	MMV020321	1	Inhibition		3		%	Not active
1	1	MMV407834	1	Inhibition		1		%	Not active
1	1	MMV020165	1	Inhibition		1		%	Not active
1	1	MMV011903	1	Inhibition		-1		%	Not active
1	1	MMV676528	1	Inhibition		10		%	Not active
1	1	MMV024397	1	Inhibition		4		%	Not active
1	1	MMV020391	1	Inhibition		2		%	Not active
1	1	MMV020291	1	Inhibition		2		%	Not active
1	1	MMV019087	1	Inhibition		0		%	Not active
1	1	MMV084864	1	Inhibition		15		%	Not active
1	1	MMV000858	1	Inhibition		4		%	Not active
1	1	MMV020517	1	Inhibition		3		%	Not active
1	1	MMV020289	1	Inhibition		5		%	Not active
1	1	MMV020591	1	Inhibition		7		%	Not active
1	1	MMV019742	1	Inhibition		-2		%	Not active
1	1	MMV085210	1	Inhibition		0		%	Not active
1	1	MMV009054	1	Inhibition		1		%	Not active
1	1	MMV016136	1	Inhibition		11		%	Not active
1	1	MMV676605	1	Inhibition		8		%	Not active
1	1	MMV022478	1	Inhibition		2		%	Not active
1	1	MMV020081	1	Inhibition		1		%	Not active
1	1	MMV024406	1	Inhibition		1		%	Not active
1	1	MMV676877	1	Inhibition		92		%	Active
1	1	MMV023388	1	Inhibition		0		%	Not active
1	1	MMV676881	1	Inhibition		1		%	Not active
1	1	MMV023233	1	Inhibition		14		%	Not active
1	1	MMV030734	1	Inhibition		-1		%	Not active
1	1	MMV010545	1	Inhibition		23		%	Not active
1	1	MMV687246	1	Inhibition		9		%	Not active
1	1	MMV024829	1	Inhibition		4		%	Not active
1	1	MMV023227	1	Inhibition		4		%	Not active
1	1	MMV024035	1	Inhibition		0		%	Not active
1	1	MMV008439	1	Inhibition		1		%	Not active
1	1	MMV687794	1	Inhibition		12		%	Not active
1	1	MMV1019989	1	Inhibition		2		%	Not active
1	1	MMV062221	1	Inhibition		3		%	Not active
1	1	MMV1088520	1	Inhibition		1		%	Not active
1	1	MMV1028806	1	Inhibition		1		%	Not active
1	1	MMV1030799	1	Inhibition		-1		%	Not active
1	1	MMV1037162	1	Inhibition		10		%	Not active
1	1	MMV1029203	1	Inhibition		4		%	Not active
1	1	MMV011229	1	Inhibition		2		%	Not active
1	1	MMV016838	1	Inhibition		2		%	Not active
1	1	MMV634140	1	Inhibition		0		%	Not active
1	1	MMV667494	1	Inhibition		15		%	Not active
1	1	MMV006833	1	Inhibition		4		%	Not active
1	1	MMV007133	1	Inhibition		3		%	Not active
1	1	MMV007471	1	Inhibition		5		%	Not active
1	1	MMV007625	1	Inhibition		7		%	Not active
1	1	MMV007803	1	Inhibition		-2		%	Not active
1	1	MMV011511	1	Inhibition		0		%	Not active
1	1	MMV011765	1	Inhibition		1		%	Not active
1	1	MMV019790	1	Inhibition		11		%	Not active
1	1	MMV019993	1	Inhibition		8		%	Not active
1	1	MMV020388	1	Inhibition		2		%	Not active
1	1	MMV020670	1	Inhibition		1		%	Not active
1	1	MMV021057	1	Inhibition		1		%	Not active
1	1	MMV676358	1	Inhibition		80		%	Active
1	1	MMV023183	1	Inhibition		0		%	Not active
1	1	MMV688980	1	Inhibition		1		%	Not active
1	1	MMV021375	1	Inhibition		14		%	Not active
1	1	MMV009135	1	Inhibition		-1		%	Not active
1	1	MMV004168	1	Inhibition		23		%	Not active
1	1	MMV1236379	1	Inhibition		9		%	Not active
1	1	MMV188296	1	Inhibition		4		%	Not active
1	1	MMV202553	1	Inhibition		4		%	Not active
1	1	MMV652003	1	Inhibition		3		%	Not active
1	1	MMV675998	1	Inhibition		5		%	Not active
1	1	MMV658988	1	Inhibition		7		%	Not active
1	1	MMV659004	1	Inhibition		-2		%	Not active
1	1	MMV676008	1	Inhibition		0		%	Not active
1	1	MMV676048	1	Inhibition		1		%	Not active
1	1	MMV045105	1	Inhibition		11		%	Not active
1	1	MMV676057	1	Inhibition		1		%	Not active
1	1	MMV659010	1	Inhibition		85		%	Active
1	1	MMV676159	1	Inhibition		0		%	Not active
1	1	MMV676161	1	Inhibition		1		%	Not active
1	1	MMV676162	1	Inhibition		12		%	Not active
1	1	MMV658993	1	Inhibition		2		%	Not active
1	1	MMV676186	1	Inhibition		3		%	Not active
1	1	MMV001561	1	Inhibition		22		%	Not active
1	1	MMV676600	1	Inhibition		1		%	Not active
1	1	MMV676602	1	Inhibition		-1		%	Not active
1	1	MMV676604	1	Inhibition		10		%	Not active
1	1	MMV687706	1	Inhibition		4		%	Not active
1	1	MMV687762	1	Inhibition		2		%	Not active
1	1	MMV688179	1	Inhibition		2		%	Not active
1	1	MMV688180	1	Inhibition		0		%	Not active
1	1	MMV688271	1	Inhibition		15		%	Not active
1	1	MMV688273	1	Inhibition		4		%	Not active
1	1	MMV688274	1	Inhibition		3		%	Not active
1	1	MMV688279	1	Inhibition		5		%	Not active
1	1	MMV688283	1	Inhibition		7		%	Not active
1	1	MMV688360	1	Inhibition		-2		%	Not active
1	1	MMV688361	1	Inhibition		0		%	Not active
1	1	MMV688362	1	Inhibition		1		%	Not active
1	1	MMV688371	1	Inhibition		11		%	Not active
1	1	MMV688407	1	Inhibition		8		%	Not active
1	1	MMV688410	1	Inhibition		2		%	Not active
1	1	MMV688415	1	Inhibition		1		%	Not active
1	1	MMV688467	1	Inhibition		1		%	Not active
1	1	MMV688474	1	Inhibition		77		%	Active
1	1	MMV688514	1	Inhibition		0		%	Not active
1	1	MMV688547	1	Inhibition		1		%	Not active
1	1	MMV688550	1	Inhibition		14		%	Not active
1	1	MMV688754	1	Inhibition		-1		%	Not active
1	1	MMV688776	1	Inhibition		23		%	Not active
1	1	MMV099637	1	Inhibition		9		%	Not active
1	1	MMV688793	1	Inhibition		4		%	Not active
1	1	MMV688795	1	Inhibition		4		%	Not active
1	1	MMV688796	1	Inhibition		0		%	Not active
1	1	MMV688797	1	Inhibition		1		%	Not active
1	1	MMV688798	1	Inhibition		12		%	Not active
1	1	MMV688934	1	Inhibition		2		%	Not active
1	1	MMV688942	1	Inhibition		3		%	Not active
1	1	MMV688943	1	Inhibition		1		%	Not active
1	1	MMV688958	1	Inhibition		1		%	Not active
1	1	MMV675997	1	Inhibition		-1		%	Not active
1	1	MMV688372	1	Inhibition		10		%	Not active
1	1	MMV595321	1	Inhibition		4		%	Not active
1	1	MMV689028	1	Inhibition		2		%	Not active
1	1	MMV689029	1	Inhibition		3		%	Not active
1	1	MMV689061	1	Inhibition		0		%	Not active
1	1	MMV689709	1	Inhibition		16		%	Not active
1	1	MMV689060	1	Inhibition		4		%	Not active
1	1	MMV689437	1	Inhibition		3		%	Not active
1	1	MMV689243	1	Inhibition		5		%	Not active
1	1	MMV689244	1	Inhibition		7		%	Not active
1	1	MMV690027	1	Inhibition		-2		%	Not active
1	1	MMV690028	1	Inhibition		0		%	Not active
1	1	MMV690103	1	Inhibition		1		%	Not active
1	1	MMV690102	1	Inhibition		11		%	Not active
1	1	MMV675968	1	Inhibition		8		%	Not active
1	1	MMV675993	1	Inhibition		2		%	Not active
1	1	MMV675994	1	Inhibition		1		%	Not active
1	1	MMV676050	1	Inhibition		1		%	Not active
1	1	MMV676053	1	Inhibition		79		%	Active
1	1	MMV676182	1	Inhibition		0		%	Not active
1	1	MMV676191	1	Inhibition		1		%	Not active
1	1	MMV676599	1	Inhibition		14		%	Not active
1	1	MMV688853	1	Inhibition		1		%	Not active
1	1	MMV688854	1	Inhibition		13		%	Not active
1	1	MMV689255	1	Inhibition		9		%	Not active
1	1	MMV001493	1	Inhibition		4		%	Not active
1	1	MMV002817	1	Inhibition		4		%	Not active
1	1	MMV671636	1	Inhibition		0		%	Not active
1	1	MMV687775	1	Inhibition		1		%	Not active
1	1	MMV687776	1	Inhibition		12		%	Not active
1	1	MMV668727	1	Inhibition		2		%	Not active
1	1	MMV675996	1	Inhibition		3		%	Not active
1	1	MMV676064	1	Inhibition		1		%	Not active
1	1	MMV676492	1	Inhibition		1		%	Not active
1	1	MMV675969	1	Inhibition		-1		%	Not active
1	1	MMV675995	1	Inhibition		10		%	Not active
1	1	MMV676204	1	Inhibition		4		%	Not active
1	1	MMV676480	1	Inhibition		2		%	Not active
1	1	MMV676063	1	Inhibition		2		%	Not active
1	1	MMV407539	1	Inhibition		0		%	Not active
1	1	MMV676398	1	Inhibition		15		%	Not active
1	1	MMV1110498	1	Inhibition		4		%	Not active
1	1	MMV676382	1	Inhibition		3		%	Not active
1	1	MMV676536	1	Inhibition		5		%	Not active
1	1	MMV688178	1	Inhibition		7		%	Not active
1	1	MMV688313	1	Inhibition		-2		%	Not active
1	1	MMV688270	1	Inhibition		0		%	Not active
1	1	MMV688762	1	Inhibition		1		%	Not active
1	1	MMV688771	1	Inhibition		11		%	Not active
1	1	MMV688768	1	Inhibition		8		%	Not active
1	1	MMV688763	1	Inhibition		2		%	Not active
1	1	MMV688761	1	Inhibition		1		%	Not active
1	1	MMV688552	1	Inhibition		1		%	Not active
1	1	MMV688766	1	Inhibition		71		%	Active
1	1	MMV1198433	1	Inhibition		0		%	Not active
1	1	MMV637229	1	Inhibition		1		%	Not active
1	1	MMV003270 	1	Inhibition		14		%	Not active
1	1	MMV688330	1	Inhibition		-1		%	Not active
1	1	MMV688345	1	Inhibition		23		%	Not active
1	1	MMV688364	1	Inhibition		9		%	Not active
1	1	MMV688411	1	Inhibition		4		%	Not active
1	1	MMV688417	1	Inhibition		4		%	Not active
1	1	MMV688469	1	Inhibition		0		%	Not active
1	1	MMV688470	1	Inhibition		1		%	Not active
1	1	MMV688471	1	Inhibition		12		%	Not active
1	1	MMV688472	1	Inhibition		2		%	Not active
1	1	MMV688509	1	Inhibition		3		%	Not active
1	1	MMV688548	1	Inhibition		1		%	Not active
1	1	MMV688703	1	Inhibition		1		%	Not active
1	1	MMV688704	1	Inhibition		-1		%	Not active
1	1	MMV688852	1	Inhibition		10		%	Not active
1	1	MMV688955	1	Inhibition		4		%	Not active
1	1	MMV688350	1	Inhibition		2		%	Not active
1	1	MMV688416	1	Inhibition		2		%	Not active
1	1	MMV688543	1	Inhibition		0		%	Not active
1	1	MMV688921	1	Inhibition		15		%	Not active
1	1	MMV688352	1	Inhibition		0		%	Not active
1	1	MMV689758	1	Inhibition		1		%	Not active
1	1	MMV000062	1	Inhibition		14		%	Not active
1	1	MMV002529	1	Inhibition		-1		%	Not active
1	1	MMV687800	1	Inhibition		23		%	Not active
1	1	MMV001625	1	Inhibition		9		%	Not active
1	1	MMV637953	1	Inhibition		4		%	Not active
1	1	MMV000063	1	Inhibition		4		%	Not active
1	1	MMV688773	1	Inhibition		0		%	Not active
1	1	MMV000011	1	Inhibition		1		%	Not active
1	1	MMV688774	1	Inhibition		12		%	Not active
1	1	MMV688991	1	Inhibition		2		%	Not active
1	1	MMV687801	1	Inhibition		3		%	Not active
1	1	MMV689480	1	Inhibition		1		%	Not active
1	1	MMV003152	1	Inhibition		1		%	Not active
1	1	MMV000023	1	Inhibition		-1		%	Not active
1	1	MMV000014	1	Inhibition		10		%	Not active
1	1	MMV687803	1	Inhibition		4		%	Not active
1	1	MMV688994	1	Inhibition		2		%	Not active
1	1	MMV687798	1	Inhibition		2		%	Not active
1	1	MMV688775	1	Inhibition		0		%	Not active
1	1	MMV689000	1	Inhibition		15		%	Not active
1	1	MMV001499	1	Inhibition		4		%	Not active
1	1	MMV002816	1	Inhibition		3		%	Not active
1	1	MMV687796	1	Inhibition		5		%	Not active
1	1	MMV688978	1	Inhibition		7		%	Not active
1	1	MMV688990	1	Inhibition		-2		%	Not active
1	1	MMV161996	2	Inhibition		0		%	Not active
1	1	MMV202458	2	Inhibition		1		%	Not active
1	1	MMV676395	2	Inhibition		11		%	Not active
1	1	MMV676406	2	Inhibition		8		%	Not active
1	1	MMV153413	2	Inhibition		2		%	Not active
1	1	MMV676468	2	Inhibition		1		%	Not active
1	1	MMV676478	2	Inhibition		1		%	Not active
1	1	MMV090930	2	Inhibition		80		%	Active
1	1	MMV069458	2	Inhibition		0		%	Not active
1	1	MMV676539	2	Inhibition		1		%	Not active
1	1	MMV676571	2	Inhibition		14		%	Not active
1	1	MMV676589	2	Inhibition		-1		%	Not active
1	1	MMV676603	2	Inhibition		23		%	Not active
1	1	MMV687145	2	Inhibition		9		%	Not active
1	1	MMV687146	2	Inhibition		4		%	Not active
1	1	MMV687172	2	Inhibition		4		%	Not active
1	1	MMV687180	2	Inhibition		3		%	Not active
1	1	MMV687239	2	Inhibition		5		%	Not active
1	1	MMV687696	2	Inhibition		7		%	Not active
1	1	MMV687813	2	Inhibition		-2		%	Not active
1	1	MMV688262	2	Inhibition		0		%	Not active
1	1	MMV688327	2	Inhibition		1		%	Not active
1	1	MMV688508	2	Inhibition		11		%	Not active
1	1	MMV688122	2	Inhibition		1		%	Not active
1	1	MMV676386	2	Inhibition		85		%	Active
1	1	MMV053220	2	Inhibition		0		%	Not active
1	1	MMV461553	2	Inhibition		1		%	Not active
1	1	MMV611037	2	Inhibition		12		%	Not active
1	1	MMV676445	2	Inhibition		2		%	Not active
1	1	MMV012074	2	Inhibition		3		%	Not active
1	1	MMV047015	2	Inhibition		1		%	Not active
1	1	MMV676474	2	Inhibition		1		%	Not active
1	1	MMV676501	2	Inhibition		-1		%	Not active
1	1	MMV676509	2	Inhibition		10		%	Not active
1	1	MMV676520	2	Inhibition		4		%	Not active
1	1	MMV063404	2	Inhibition		2		%	Not active
1	1	MMV676555	2	Inhibition		2		%	Not active
1	1	MMV687138	2	Inhibition		0		%	Not active
1	1	MMV687170	2	Inhibition		15		%	Not active
1	1	MMV687188	2	Inhibition		4		%	Not active
1	1	MMV687273	2	Inhibition		3		%	Not active
1	1	MMV687699	2	Inhibition		5		%	Not active
1	1	MMV687730	2	Inhibition		7		%	Not active
1	1	MMV021660	2	Inhibition		-2		%	Not active
1	1	MMV688554	2	Inhibition		0		%	Not active
1	1	MMV676383	2	Inhibition		0		%	Not active
1	1	MMV676377	2	Inhibition		1		%	Not active
1	1	MMV676379	2	Inhibition		12		%	Not active
1	1	MMV676384	2	Inhibition		2		%	Not active
1	1	MMV676389	2	Inhibition		3		%	Not active
1	1	MMV676409	2	Inhibition		1		%	Not active
1	1	MMV676411	2	Inhibition		1		%	Not active
1	1	MMV676412	2	Inhibition		-1		%	Not active
1	1	MMV676431	2	Inhibition		10		%	Not active
1	1	MMV676439	2	Inhibition		4		%	Not active
1	1	MMV676444	2	Inhibition		2		%	Not active
1	1	MMV676461	2	Inhibition		2		%	Not active
1	1	MMV146306	2	Inhibition		0		%	Not active
1	1	MMV676470	2	Inhibition		15		%	Not active
1	1	MMV200748	2	Inhibition		4		%	Not active
1	1	MMV676472	2	Inhibition		3		%	Not active
1	1	MMV676476	2	Inhibition		5		%	Not active
1	1	MMV676477	2	Inhibition		7		%	Not active
1	1	MMV102872	2	Inhibition		-2		%	Not active
1	1	MMV676526	2	Inhibition		0		%	Not active
1	1	MMV393995	2	Inhibition		1		%	Not active
1	1	MMV676554	2	Inhibition		11		%	Not active
1	1	MMV676558	2	Inhibition		8		%	Not active
1	1	MMV676584	2	Inhibition		2		%	Not active
1	1	MMV676588	2	Inhibition		1		%	Not active
1	1	MMV676597	2	Inhibition		1		%	Not active
1	1	MMV687189	2	Inhibition		80		%	Active
1	1	MMV687243	2	Inhibition		0		%	Not active
1	1	MMV687248	2	Inhibition		1		%	Not active
1	1	MMV687254	2	Inhibition		14		%	Not active
1	1	MMV687700	2	Inhibition		-1		%	Not active
1	1	MMV687703	2	Inhibition		23		%	Not active
1	1	MMV024311	2	Inhibition		9		%	Not active
1	1	MMV687729	2	Inhibition		4		%	Not active
1	1	MMV687747	2	Inhibition		4		%	Not active
1	1	MMV687807	2	Inhibition		0		%	Not active
1	1	MMV687812	2	Inhibition		1		%	Not active
1	1	MMV688553	2	Inhibition		12		%	Not active
1	1	MMV688555	2	Inhibition		2		%	Not active
1	1	MMV688557	2	Inhibition		3		%	Not active
1	1	MMV687251	2	Inhibition		1		%	Not active
1	1	MMV676449	2	Inhibition		1		%	Not active
1	1	MMV676401	2	Inhibition		-1		%	Not active
1	1	MMV676524	2	Inhibition		10		%	Not active
1	1	MMV688125	2	Inhibition		4		%	Not active
1	1	MMV688466	2	Inhibition		2		%	Not active
1	1	MMV687749	2	Inhibition		3		%	Not active
1	1	MMV023969 	2	Inhibition		0		%	Not active
1	1	MMV687765	2	Inhibition		16		%	Not active
1	1	MMV688124	2	Inhibition		4		%	Not active
1	1	MMV676512	2	Inhibition		3		%	Not active
1	1	MMV272144	2	Inhibition		5		%	Not active
1	1	MMV495543	2	Inhibition		7		%	Not active
1	1	MMV021013	2	Inhibition		-2		%	Not active
1	1	MMV054312	2	Inhibition		0		%	Not active
1	1	MMV228911	2	Inhibition		1		%	Not active
1	1	MMV553002	2	Inhibition		11		%	Not active
1	1	MMV676388	2	Inhibition		8		%	Not active
1	1	MMV688755	2	Inhibition		2		%	Not active
1	1	MMV688756	2	Inhibition		1		%	Not active
1	1	MMV688844	2	Inhibition		1		%	Not active
1	1	MMV688845	2	Inhibition		79		%	Active
1	1	MMV688846	2	Inhibition		0		%	Not active
1	1	MMV688888	2	Inhibition		1		%	Not active
1	1	MMV688889	2	Inhibition		14		%	Not active
1	1	MMV688891	2	Inhibition		1		%	Not active
1	1	MMV688936	2	Inhibition		13		%	Not active
1	1	MMV688939	2	Inhibition		9		%	Not active
1	1	MMV688941	2	Inhibition		4		%	Not active
1	1	MMV661713	2	Inhibition		4		%	Not active
1	1	MMV688938	2	Inhibition		0		%	Not active
1	1	MMV019551	2	Inhibition		1		%	Not active
1	1	MMV020982	2	Inhibition		12		%	Not active
1	1	MMV560185	2	Inhibition		2		%	Not active
1	1	MMV023953	2	Inhibition		3		%	Not active
1	1	MMV022029	2	Inhibition		1		%	Not active
1	1	MMV085071	2	Inhibition		1		%	Not active
1	1	MMV011691	2	Inhibition		-1		%	Not active
1	1	MMV031011	2	Inhibition		10		%	Not active
1	1	MMV001059	2	Inhibition		4		%	Not active
1	1	MMV010764	2	Inhibition		2		%	Not active
1	1	MMV032967	2	Inhibition		2		%	Not active
1	1	MMV010576	2	Inhibition		0		%	Not active
1	1	MMV085499	2	Inhibition		15		%	Not active
1	1	MMV026468	2	Inhibition		4		%	Not active
1	1	MMV676260	2	Inhibition		3		%	Not active
1	1	MMV393144	2	Inhibition		5		%	Not active
1	1	MMV392832	2	Inhibition		7		%	Not active
1	1	MMV663250	2	Inhibition		-2		%	Not active
1	1	MMV024101	2	Inhibition		0		%	Not active
1	1	MMV085230	2	Inhibition		1		%	Not active
1	1	MMV023949	2	Inhibition		11		%	Not active
1	1	MMV026550	2	Inhibition		8		%	Not active
1	1	MMV026313	2	Inhibition		2		%	Not active
1	1	MMV676269	2	Inhibition		1		%	Not active
1	1	MMV676270	2	Inhibition		1		%	Not active
1	1	MMV024195	2	Inhibition		71		%	Active
1	1	MMV028694	2	Inhibition		0		%	Not active
1	1	MMV024114	2	Inhibition		1		%	Not active
1	1	MMV023985	2	Inhibition		14		%	Not active
1	1	MMV032995	2	Inhibition		-1		%	Not active
1	1	MMV026490	2	Inhibition		23		%	Not active
1	1	MMV024937	2	Inhibition		9		%	Not active
1	1	MMV023860	2	Inhibition		4		%	Not active
1	1	MMV024443	2	Inhibition		4		%	Not active
1	1	MMV000907	2	Inhibition		0		%	Not active
1	1	MMV676350	2	Inhibition		1		%	Not active
1	1	MMV084603	2	Inhibition		12		%	Not active
1	1	MMV026020	2	Inhibition		2		%	Not active
1	1	MMV026356	2	Inhibition		3		%	Not active
1	1	MMV023370	2	Inhibition		1		%	Not active
1	1	MMV022236	2	Inhibition		1		%	Not active
1	1	MMV019838	2	Inhibition		-1		%	Not active
1	1	MMV676380	2	Inhibition		10		%	Not active
1	1	MMV006372	2	Inhibition		4		%	Not active
1	1	MMV020512	2	Inhibition		2		%	Not active
1	1	MMV019721	2	Inhibition		2		%	Not active
1	1	MMV019234	2	Inhibition		0		%	Not active
1	1	MMV019807	2	Inhibition		15		%	Not active
1	1	MMV020623	2	Inhibition		4		%	Not active
1	1	MMV020136	2	Inhibition		3		%	Not active
1	1	MMV676442	2	Inhibition		5		%	Not active
1	1	MMV007920 	2	Inhibition		7		%	Not active
1	1	MMV019189	2	Inhibition		-2		%	Not active
1	1	MMV020120	2	Inhibition		0		%	Not active
1	1	MMV006901	2	Inhibition		1		%	Not active
1	1	MMV006741	2	Inhibition		11		%	Not active
1	1	MMV006239	2	Inhibition		8		%	Not active
1	1	MMV007638	2	Inhibition		2		%	Not active
1	1	MMV020537	2	Inhibition		1		%	Not active
1	1	MMV020320	2	Inhibition		1		%	Not active
1	1	MMV020152	2	Inhibition		88		%	Active
1	1	MMV020710	2	Inhibition		0		%	Not active
1	1	MMV020520	2	Inhibition		1		%	Not active
1	1	MMV020321	2	Inhibition		14		%	Not active
1	1	MMV407834	2	Inhibition		-1		%	Not active
1	1	MMV020165	2	Inhibition		23		%	Not active
1	1	MMV011903	2	Inhibition		9		%	Not active
1	1	MMV676528	2	Inhibition		4		%	Not active
1	1	MMV024397	2	Inhibition		4		%	Not active
1	1	MMV020391	2	Inhibition		0		%	Not active
1	1	MMV020291	2	Inhibition		1		%	Not active
1	1	MMV019087	2	Inhibition		12		%	Not active
1	1	MMV084864	2	Inhibition		2		%	Not active
1	1	MMV000858	2	Inhibition		3		%	Not active
1	1	MMV020517	2	Inhibition		1		%	Not active
1	1	MMV020289	2	Inhibition		1		%	Not active
1	1	MMV020591	2	Inhibition		-1		%	Not active
1	1	MMV019742	2	Inhibition		10		%	Not active
1	1	MMV085210	2	Inhibition		4		%	Not active
1	1	MMV009054	2	Inhibition		2		%	Not active
1	1	MMV016136	2	Inhibition		2		%	Not active
1	1	MMV676605	2	Inhibition		0		%	Not active
1	1	MMV022478	2	Inhibition		15		%	Not active
1	1	MMV020081	2	Inhibition		4		%	Not active
1	1	MMV024406	2	Inhibition		3		%	Not active
1	1	MMV676877	2	Inhibition		5		%	Not active
1	1	MMV023388	2	Inhibition		7		%	Not active
1	1	MMV676881	2	Inhibition		-2		%	Not active
1	1	MMV023233	2	Inhibition		0		%	Not active
1	1	MMV030734	2	Inhibition		1		%	Not active
1	1	MMV010545	2	Inhibition		11		%	Not active
1	1	MMV687246	2	Inhibition		8		%	Not active
1	1	MMV024829	2	Inhibition		2		%	Not active
1	1	MMV023227	2	Inhibition		1		%	Not active
1	1	MMV024035	2	Inhibition		1		%	Not active
1	1	MMV008439	2	Inhibition		71		%	Active
1	1	MMV687794	2	Inhibition		0		%	Not active
1	1	MMV1019989	2	Inhibition		1		%	Not active
1	1	MMV062221	2	Inhibition		14		%	Not active
1	1	MMV1088520	2	Inhibition		-1		%	Not active
1	1	MMV1028806	2	Inhibition		23		%	Not active
1	1	MMV1030799	2	Inhibition		9		%	Not active
1	1	MMV1037162	2	Inhibition		4		%	Not active
1	1	MMV1029203	2	Inhibition		4		%	Not active
1	1	MMV011229	2	Inhibition		0		%	Not active
1	1	MMV016838	2	Inhibition		1		%	Not active
1	1	MMV634140	2	Inhibition		12		%	Not active
1	1	MMV667494	2	Inhibition		2		%	Not active
1	1	MMV006833	2	Inhibition		3		%	Not active
1	1	MMV007133	2	Inhibition		1		%	Not active
1	1	MMV007471	2	Inhibition		1		%	Not active
1	1	MMV007625	2	Inhibition		-1		%	Not active
1	1	MMV007803	2	Inhibition		10		%	Not active
1	1	MMV011511	2	Inhibition		4		%	Not active
1	1	MMV011765	2	Inhibition		2		%	Not active
1	1	MMV019790	2	Inhibition		2		%	Not active
1	1	MMV019993	2	Inhibition		0		%	Not active
1	1	MMV020388	2	Inhibition		15		%	Not active
1	1	MMV020670	2	Inhibition		4		%	Not active
1	1	MMV021057	2	Inhibition		3		%	Not active
1	1	MMV676358	2	Inhibition		5		%	Not active
1	1	MMV023183	2	Inhibition		7		%	Not active
1	1	MMV688980	2	Inhibition		-2		%	Not active
1	1	MMV021375	2	Inhibition		0		%	Not active
1	1	MMV009135	2	Inhibition		1		%	Not active
1	1	MMV004168	2	Inhibition		11		%	Not active
1	1	MMV1236379	2	Inhibition		8		%	Not active
1	1	MMV188296	2	Inhibition		2		%	Not active
1	1	MMV202553	2	Inhibition		1		%	Not active
1	1	MMV652003	2	Inhibition		8		%	Not active
1	1	MMV675998	2	Inhibition		2		%	Not active
1	1	MMV658988	2	Inhibition		1		%	Not active
1	1	MMV659004	2	Inhibition		1		%	Not active
1	1	MMV676008	2	Inhibition		77		%	Active
1	1	MMV676048	2	Inhibition		0		%	Not active
1	1	MMV045105	2	Inhibition		1		%	Not active
1	1	MMV676057	2	Inhibition		14		%	Not active
1	1	MMV659010	2	Inhibition		-1		%	Not active
1	1	MMV676159	2	Inhibition		23		%	Not active
1	1	MMV676161	2	Inhibition		9		%	Not active
1	1	MMV676162	2	Inhibition		4		%	Not active
1	1	MMV658993	2	Inhibition		4		%	Not active
1	1	MMV676186	2	Inhibition		0		%	Not active
1	1	MMV001561	2	Inhibition		1		%	Not active
1	1	MMV676600	2	Inhibition		12		%	Not active
1	1	MMV676602	2	Inhibition		2		%	Not active
1	1	MMV676604	2	Inhibition		3		%	Not active
1	1	MMV687706	2	Inhibition		1		%	Not active
1	1	MMV687762	2	Inhibition		1		%	Not active
1	1	MMV688179	2	Inhibition		-1		%	Not active
1	1	MMV688180	2	Inhibition		10		%	Not active
1	1	MMV688271	2	Inhibition		4		%	Not active
1	1	MMV688273	2	Inhibition		2		%	Not active
1	1	MMV688274	2	Inhibition		3		%	Not active
1	1	MMV688279	2	Inhibition		0		%	Not active
1	1	MMV688283	2	Inhibition		16		%	Not active
1	1	MMV688360	2	Inhibition		4		%	Not active
1	1	MMV688361	2	Inhibition		3		%	Not active
1	1	MMV688362	2	Inhibition		37		%	Not active
1	1	MMV688371	2	Inhibition		7		%	Not active
1	1	MMV688407	2	Inhibition		-2		%	Not active
1	1	MMV688410	2	Inhibition		0		%	Not active
1	1	MMV688415	2	Inhibition		1		%	Not active
1	1	MMV688467	2	Inhibition		11		%	Not active
1	1	MMV688474	2	Inhibition		8		%	Not active
1	1	MMV688514	2	Inhibition		2		%	Not active
1	1	MMV688547	2	Inhibition		1		%	Not active
1	1	MMV688550	2	Inhibition		12		%	Not active
1	1	MMV688754	2	Inhibition		2		%	Not active
1	1	MMV688776	2	Inhibition		3		%	Not active
1	1	MMV099637	2	Inhibition		1		%	Not active
1	1	MMV688793	2	Inhibition		1		%	Not active
1	1	MMV688795	2	Inhibition		-1		%	Not active
1	1	MMV688796	2	Inhibition		10		%	Not active
1	1	MMV688797	2	Inhibition		4		%	Not active
1	1	MMV688798	2	Inhibition		2		%	Not active
1	1	MMV688934	2	Inhibition		2		%	Not active
1	1	MMV688942	2	Inhibition		0		%	Not active
1	1	MMV688943	2	Inhibition		15		%	Not active
1	1	MMV688958	2	Inhibition		0		%	Not active
1	1	MMV675997	2	Inhibition		1		%	Not active
1	1	MMV688372	2	Inhibition		14		%	Not active
1	1	MMV595321	2	Inhibition		-1		%	Not active
1	1	MMV689028	2	Inhibition		23		%	Not active
1	1	MMV689029	2	Inhibition		9		%	Not active
1	1	MMV689061	2	Inhibition		4		%	Not active
1	1	MMV689709	2	Inhibition		4		%	Not active
1	1	MMV689060	2	Inhibition		0		%	Not active
1	1	MMV689437	2	Inhibition		1		%	Not active
1	1	MMV689243	2	Inhibition		12		%	Not active
1	1	MMV689244	2	Inhibition		2		%	Not active
1	1	MMV690027	2	Inhibition		3		%	Not active
1	1	MMV690028	2	Inhibition		1		%	Not active
1	1	MMV690103	2	Inhibition		1		%	Not active
1	1	MMV690102	2	Inhibition		-1		%	Not active
1	1	MMV675968	2	Inhibition		10		%	Not active
1	1	MMV675993	2	Inhibition		4		%	Not active
1	1	MMV675994	2	Inhibition		2		%	Not active
1	1	MMV676050	2	Inhibition		2		%	Not active
1	1	MMV676053	2	Inhibition		0		%	Not active
1	1	MMV676182	2	Inhibition		15		%	Not active
1	1	MMV676191	2	Inhibition		4		%	Not active
1	1	MMV676599	2	Inhibition		3		%	Not active
1	1	MMV688853	2	Inhibition		5		%	Not active
1	1	MMV688854	2	Inhibition		7		%	Not active
1	1	MMV689255	2	Inhibition		-2		%	Not active
1	1	MMV001493	2	Inhibition		0		%	Not active
1	1	MMV002817	2	Inhibition		1		%	Not active
1	1	MMV671636	2	Inhibition		11		%	Not active
1	1	MMV687775	2	Inhibition		8		%	Not active
1	1	MMV687776	2	Inhibition		2		%	Not active
1	1	MMV668727	2	Inhibition		1		%	Not active
1	1	MMV675996	2	Inhibition		1		%	Not active
1	1	MMV676064	2	Inhibition		90		%	Active
1	1	MMV676492	2	Inhibition		0		%	Not active
1	1	MMV675969	2	Inhibition		1		%	Not active
1	1	MMV675995	2	Inhibition		14		%	Not active
1	1	MMV676204	2	Inhibition		-1		%	Not active
1	1	MMV676480	2	Inhibition		23		%	Not active
1	1	MMV676063	2	Inhibition		9		%	Not active
1	1	MMV407539	2	Inhibition		4		%	Not active
1	1	MMV676398	2	Inhibition		4		%	Not active
1	1	MMV1110498	2	Inhibition		3		%	Not active
1	1	MMV676382	2	Inhibition		5		%	Not active
1	1	MMV676536	2	Inhibition		7		%	Not active
1	1	MMV688178	2	Inhibition		-2		%	Not active
1	1	MMV688313	2	Inhibition		0		%	Not active
1	1	MMV688270	2	Inhibition		1		%	Not active
1	1	MMV688762	2	Inhibition		11		%	Not active
1	1	MMV688771	2	Inhibition		1		%	Not active
1	1	MMV688768	2	Inhibition		82		%	Active
1	1	MMV688763	2	Inhibition		0		%	Not active
1	1	MMV688761	2	Inhibition		1		%	Not active
1	1	MMV688552	2	Inhibition		12		%	Not active
1	1	MMV688766	2	Inhibition		2		%	Not active
1	1	MMV1198433	2	Inhibition		46		%	Not active
1	1	MMV637229	2	Inhibition		1		%	Not active
1	1	MMV003270 	2	Inhibition		1		%	Not active
1	1	MMV688330	2	Inhibition		-1		%	Not active
1	1	MMV688345	2	Inhibition		10		%	Not active
1	1	MMV688364	2	Inhibition		4		%	Not active
1	1	MMV688411	2	Inhibition		2		%	Not active
1	1	MMV688417	2	Inhibition		2		%	Not active
1	1	MMV688469	2	Inhibition		0		%	Not active
1	1	MMV688470	2	Inhibition		15		%	Not active
1	1	MMV688471	2	Inhibition		4		%	Not active
1	1	MMV688472	2	Inhibition		3		%	Not active
1	1	MMV688509	2	Inhibition		5		%	Not active
1	1	MMV688548	2	Inhibition		7		%	Not active
1	1	MMV688703	2	Inhibition		-2		%	Not active
1	1	MMV688704	2	Inhibition		0		%	Not active
1	1	MMV688852	2	Inhibition		0		%	Not active
1	1	MMV688955	2	Inhibition		1		%	Not active
1	1	MMV688350	2	Inhibition		12		%	Not active
1	1	MMV688416	2	Inhibition		2		%	Not active
1	1	MMV688543	2	Inhibition		3		%	Not active
1	1	MMV688921	2	Inhibition		1		%	Not active
1	1	MMV688352	2	Inhibition		1		%	Not active
1	1	MMV689758	2	Inhibition		-1		%	Not active
1	1	MMV000062	2	Inhibition		10		%	Not active
1	1	MMV002529	2	Inhibition		4		%	Not active
1	1	MMV687800	2	Inhibition		39		%	Not active
1	1	MMV001625	2	Inhibition		2		%	Not active
1	1	MMV637953	2	Inhibition		0		%	Not active
1	1	MMV000063	2	Inhibition		15		%	Not active
1	1	MMV688773	2	Inhibition		4		%	Not active
1	1	MMV000011	2	Inhibition		3		%	Not active
1	1	MMV688774	2	Inhibition		5		%	Not active
1	1	MMV688991	2	Inhibition		7		%	Not active
1	1	MMV687801	2	Inhibition		-2		%	Not active
1	1	MMV689480	2	Inhibition		0		%	Not active
1	1	MMV003152	2	Inhibition		1		%	Not active
1	1	MMV000023	2	Inhibition		11		%	Not active
1	1	MMV000014	2	Inhibition		8		%	Not active
1	1	MMV687803	2	Inhibition		2		%	Not active
1	1	MMV688994	2	Inhibition		1		%	Not active
1	1	MMV687798	2	Inhibition		1		%	Not active
1	1	MMV688775	2	Inhibition		80		%	Active
1	1	MMV689000	2	Inhibition		0		%	Not active
1	1	MMV001499	2	Inhibition		1		%	Not active
1	1	MMV002816	2	Inhibition		14		%	Not active
1	1	MMV687796	2	Inhibition		-1		%	Not active
1	1	MMV688978	2	Inhibition		23		%	Not active
1	1	MMV688990	2	Inhibition		9		%	Not active
