RIDX	CRIDX	CIDX	AIDX	TYPE	RELATION	VALUE	UPPER_VALUE	UNITS	ACTIVITY_COMMENT	ACT_ID
Pathogen_Box_Bloggs	Pathogen_Box_Bloggs	MMV161996	PB_FECH	Inhibition		0		%	Not active	PB_FECH_MMV161996
Pathogen_Box_Bloggs	Pathogen_Box_Bloggs	MMV202458	PB_FECH	Inhibition		1		%	Not active	PB_FECH_MMV202458
Pathogen_Box_Bloggs	Pathogen_Box_Bloggs	MMV676395	PB_FECH	Inhibition		12		%	Not active	PB_FECH_MMV676395
Pathogen_Box_Bloggs	Pathogen_Box_Bloggs	MMV676406	PB_FECH	Inhibition		2		%	Not active	PB_FECH_MMV676406
Pathogen_Box_Bloggs	Pathogen_Box_Bloggs	MMV153413	PB_FECH	Inhibition		3		%	Not active	PB_FECH_MMV153413
Pathogen_Box_Bloggs	Pathogen_Box_Bloggs	MMV676468	PB_FECH	Inhibition		1		%	Not active	PB_FECH_MMV676468
Pathogen_Box_Bloggs	Pathogen_Box_Bloggs	MMV676478	PB_FECH	Inhibition		1		%	Not active	PB_FECH_MMV676478
Pathogen_Box_Bloggs	Pathogen_Box_Bloggs	MMV090930	PB_FECH	Inhibition		-1		%	Not active	PB_FECH_MMV090930
Pathogen_Box_Bloggs	Pathogen_Box_Bloggs	MMV069458	PB_FECH	Inhibition		10		%	Not active	PB_FECH_MMV069458
Pathogen_Box_Bloggs	Pathogen_Box_Bloggs	MMV676539	PB_FECH	Inhibition		4		%	Not active	PB_FECH_MMV676539
Pathogen_Box_Bloggs	Pathogen_Box_Bloggs	MMV676571	PB_FECH	Inhibition		2		%	Not active	PB_FECH_MMV676571
Pathogen_Box_Bloggs	Pathogen_Box_Bloggs	MMV676589	PB_FECH	Inhibition		2		%	Not active	PB_FECH_MMV676589
Pathogen_Box_Bloggs	Pathogen_Box_Bloggs	MMV676603	PB_FECH	Inhibition		0		%	Not active	PB_FECH_MMV676603
Pathogen_Box_Bloggs	Pathogen_Box_Bloggs	MMV687145	PB_FECH	Inhibition		15		%	Not active	PB_FECH_MMV687145
Pathogen_Box_Bloggs	Pathogen_Box_Bloggs	MMV687146	PB_FECH	Inhibition		4		%	Not active	PB_FECH_MMV687146
Pathogen_Box_Bloggs	Pathogen_Box_Bloggs	MMV687172	PB_FECH	Inhibition		3		%	Not active	PB_FECH_MMV687172
Pathogen_Box_Bloggs	Pathogen_Box_Bloggs	MMV687180	PB_FECH	Inhibition		5		%	Not active	PB_FECH_MMV687180
Pathogen_Box_Bloggs	Pathogen_Box_Bloggs	MMV687239	PB_FECH	Inhibition		7		%	Not active	PB_FECH_MMV687239
Pathogen_Box_Bloggs	Pathogen_Box_Bloggs	MMV687696	PB_FECH	Inhibition		-2		%	Not active	PB_FECH_MMV687696
Pathogen_Box_Bloggs	Pathogen_Box_Bloggs	MMV687813	PB_FECH	Inhibition		0		%	Not active	PB_FECH_MMV687813
Pathogen_Box_Bloggs	Pathogen_Box_Bloggs	MMV688262	PB_FECH	Inhibition		1		%	Not active	PB_FECH_MMV688262
Pathogen_Box_Bloggs	Pathogen_Box_Bloggs	MMV688327	PB_FECH	Inhibition		11		%	Not active	PB_FECH_MMV688327
Pathogen_Box_Bloggs	Pathogen_Box_Bloggs	MMV688508	PB_FECH	Inhibition		8		%	Not active	PB_FECH_MMV688508
Pathogen_Box_Bloggs	Pathogen_Box_Bloggs	MMV688122	PB_FECH	Inhibition		41		%	Not active	PB_FECH_MMV688122
Pathogen_Box_Bloggs	Pathogen_Box_Bloggs	MMV676386	PB_FECH	Inhibition		1		%	Not active	PB_FECH_MMV676386
Pathogen_Box_Bloggs	Pathogen_Box_Bloggs	MMV053220	PB_FECH	Inhibition		1		%	Not active	PB_FECH_MMV053220
Pathogen_Box_Bloggs	Pathogen_Box_Bloggs	MMV461553	PB_FECH	Inhibition		80		%	Active	PB_FECH_MMV461553
Pathogen_Box_Bloggs	Pathogen_Box_Bloggs	MMV611037	PB_FECH	Inhibition		0		%	Not active	PB_FECH_MMV611037
Pathogen_Box_Bloggs	Pathogen_Box_Bloggs	MMV676445	PB_FECH	Inhibition		1		%	Not active	PB_FECH_MMV676445
Pathogen_Box_Bloggs	Pathogen_Box_Bloggs	MMV012074	PB_FECH	Inhibition		14		%	Not active	PB_FECH_MMV012074
Pathogen_Box_Bloggs	Pathogen_Box_Bloggs	MMV047015	PB_FECH	Inhibition		-1		%	Not active	PB_FECH_MMV047015
Pathogen_Box_Bloggs	Pathogen_Box_Bloggs	MMV676474	PB_FECH	Inhibition		23		%	Not active	PB_FECH_MMV676474
Pathogen_Box_Bloggs	Pathogen_Box_Bloggs	MMV676501	PB_FECH	Inhibition		9		%	Not active	PB_FECH_MMV676501
Pathogen_Box_Bloggs	Pathogen_Box_Bloggs	MMV676509	PB_FECH	Inhibition		4		%	Not active	PB_FECH_MMV676509
Pathogen_Box_Bloggs	Pathogen_Box_Bloggs	MMV676520	PB_FECH	Inhibition		4		%	Not active	PB_FECH_MMV676520
Pathogen_Box_Bloggs	Pathogen_Box_Bloggs	MMV063404	PB_FECH	Inhibition		0		%	Not active	PB_FECH_MMV063404
Pathogen_Box_Bloggs	Pathogen_Box_Bloggs	MMV676555	PB_FECH	Inhibition		1		%	Not active	PB_FECH_MMV676555
Pathogen_Box_Bloggs	Pathogen_Box_Bloggs	MMV687138	PB_FECH	Inhibition		12		%	Not active	PB_FECH_MMV687138
Pathogen_Box_Bloggs	Pathogen_Box_Bloggs	MMV687170	PB_FECH	Inhibition		2		%	Not active	PB_FECH_MMV687170
Pathogen_Box_Bloggs	Pathogen_Box_Bloggs	MMV687188	PB_FECH	Inhibition		3		%	Not active	PB_FECH_MMV687188
Pathogen_Box_Bloggs	Pathogen_Box_Bloggs	MMV687273	PB_FECH	Inhibition		1		%	Not active	PB_FECH_MMV687273
Pathogen_Box_Bloggs	Pathogen_Box_Bloggs	MMV687699	PB_FECH	Inhibition		1		%	Not active	PB_FECH_MMV687699
Pathogen_Box_Bloggs	Pathogen_Box_Bloggs	MMV687730	PB_FECH	Inhibition		-1		%	Not active	PB_FECH_MMV687730
Pathogen_Box_Bloggs	Pathogen_Box_Bloggs	MMV021660	PB_FECH	Inhibition		10		%	Not active	PB_FECH_MMV021660
Pathogen_Box_Bloggs	Pathogen_Box_Bloggs	MMV688554	PB_FECH	Inhibition		4		%	Not active	PB_FECH_MMV688554
Pathogen_Box_Bloggs	Pathogen_Box_Bloggs	MMV676383	PB_FECH	Inhibition		2		%	Not active	PB_FECH_MMV676383
Pathogen_Box_Bloggs	Pathogen_Box_Bloggs	MMV676377	PB_FECH	Inhibition		3		%	Not active	PB_FECH_MMV676377
Pathogen_Box_Bloggs	Pathogen_Box_Bloggs	MMV676379	PB_FECH	Inhibition		0		%	Not active	PB_FECH_MMV676379
Pathogen_Box_Bloggs	Pathogen_Box_Bloggs	MMV676384	PB_FECH	Inhibition		16		%	Not active	PB_FECH_MMV676384
Pathogen_Box_Bloggs	Pathogen_Box_Bloggs	MMV676389	PB_FECH	Inhibition		4		%	Not active	PB_FECH_MMV676389
Pathogen_Box_Bloggs	Pathogen_Box_Bloggs	MMV676409	PB_FECH	Inhibition		3		%	Not active	PB_FECH_MMV676409
Pathogen_Box_Bloggs	Pathogen_Box_Bloggs	MMV676411	PB_FECH	Inhibition		5		%	Not active	PB_FECH_MMV676411
Pathogen_Box_Bloggs	Pathogen_Box_Bloggs	MMV676412	PB_FECH	Inhibition		7		%	Not active	PB_FECH_MMV676412
Pathogen_Box_Bloggs	Pathogen_Box_Bloggs	MMV676431	PB_FECH	Inhibition		-2		%	Not active	PB_FECH_MMV676431
Pathogen_Box_Bloggs	Pathogen_Box_Bloggs	MMV676439	PB_FECH	Inhibition		0		%	Not active	PB_FECH_MMV676439
Pathogen_Box_Bloggs	Pathogen_Box_Bloggs	MMV676444	PB_FECH	Inhibition		1		%	Not active	PB_FECH_MMV676444
Pathogen_Box_Bloggs	Pathogen_Box_Bloggs	MMV676461	PB_FECH	Inhibition		11		%	Not active	PB_FECH_MMV676461
Pathogen_Box_Bloggs	Pathogen_Box_Bloggs	MMV146306	PB_FECH	Inhibition		8		%	Not active	PB_FECH_MMV146306
Pathogen_Box_Bloggs	Pathogen_Box_Bloggs	MMV676470	PB_FECH	Inhibition		2		%	Not active	PB_FECH_MMV676470
Pathogen_Box_Bloggs	Pathogen_Box_Bloggs	MMV200748	PB_FECH	Inhibition		1		%	Not active	PB_FECH_MMV200748
Pathogen_Box_Bloggs	Pathogen_Box_Bloggs	MMV676472	PB_FECH	Inhibition		1		%	Not active	PB_FECH_MMV676472
Pathogen_Box_Bloggs	Pathogen_Box_Bloggs	MMV676476	PB_FECH	Inhibition		79		%	Active	PB_FECH_MMV676476
Pathogen_Box_Bloggs	Pathogen_Box_Bloggs	MMV676477	PB_FECH	Inhibition		0		%	Not active	PB_FECH_MMV676477
Pathogen_Box_Bloggs	Pathogen_Box_Bloggs	MMV102872	PB_FECH	Inhibition		1		%	Not active	PB_FECH_MMV102872
Pathogen_Box_Bloggs	Pathogen_Box_Bloggs	MMV676526	PB_FECH	Inhibition		14		%	Not active	PB_FECH_MMV676526
Pathogen_Box_Bloggs	Pathogen_Box_Bloggs	MMV393995	PB_FECH	Inhibition		1		%	Not active	PB_FECH_MMV393995
Pathogen_Box_Bloggs	Pathogen_Box_Bloggs	MMV676554	PB_FECH	Inhibition		13		%	Not active	PB_FECH_MMV676554
Pathogen_Box_Bloggs	Pathogen_Box_Bloggs	MMV676558	PB_FECH	Inhibition		9		%	Not active	PB_FECH_MMV676558
Pathogen_Box_Bloggs	Pathogen_Box_Bloggs	MMV676584	PB_FECH	Inhibition		4		%	Not active	PB_FECH_MMV676584
Pathogen_Box_Bloggs	Pathogen_Box_Bloggs	MMV676588	PB_FECH	Inhibition		4		%	Not active	PB_FECH_MMV676588
Pathogen_Box_Bloggs	Pathogen_Box_Bloggs	MMV676597	PB_FECH	Inhibition		0		%	Not active	PB_FECH_MMV676597
Pathogen_Box_Bloggs	Pathogen_Box_Bloggs	MMV687189	PB_FECH	Inhibition		1		%	Not active	PB_FECH_MMV687189
Pathogen_Box_Bloggs	Pathogen_Box_Bloggs	MMV687243	PB_FECH	Inhibition		12		%	Not active	PB_FECH_MMV687243
Pathogen_Box_Bloggs	Pathogen_Box_Bloggs	MMV687248	PB_FECH	Inhibition		2		%	Not active	PB_FECH_MMV687248
Pathogen_Box_Bloggs	Pathogen_Box_Bloggs	MMV687254	PB_FECH	Inhibition		3		%	Not active	PB_FECH_MMV687254
Pathogen_Box_Bloggs	Pathogen_Box_Bloggs	MMV687700	PB_FECH	Inhibition		1		%	Not active	PB_FECH_MMV687700
Pathogen_Box_Bloggs	Pathogen_Box_Bloggs	MMV687703	PB_FECH	Inhibition		1		%	Not active	PB_FECH_MMV687703
Pathogen_Box_Bloggs	Pathogen_Box_Bloggs	MMV024311	PB_FECH	Inhibition		-1		%	Not active	PB_FECH_MMV024311
Pathogen_Box_Bloggs	Pathogen_Box_Bloggs	MMV687729	PB_FECH	Inhibition		10		%	Not active	PB_FECH_MMV687729
Pathogen_Box_Bloggs	Pathogen_Box_Bloggs	MMV687747	PB_FECH	Inhibition		4		%	Not active	PB_FECH_MMV687747
Pathogen_Box_Bloggs	Pathogen_Box_Bloggs	MMV687807	PB_FECH	Inhibition		2		%	Not active	PB_FECH_MMV687807
Pathogen_Box_Bloggs	Pathogen_Box_Bloggs	MMV687812	PB_FECH	Inhibition		2		%	Not active	PB_FECH_MMV687812
Pathogen_Box_Bloggs	Pathogen_Box_Bloggs	MMV688553	PB_FECH	Inhibition		0		%	Not active	PB_FECH_MMV688553
Pathogen_Box_Bloggs	Pathogen_Box_Bloggs	MMV688555	PB_FECH	Inhibition		15		%	Not active	PB_FECH_MMV688555
Pathogen_Box_Bloggs	Pathogen_Box_Bloggs	MMV688557	PB_FECH	Inhibition		4		%	Not active	PB_FECH_MMV688557
Pathogen_Box_Bloggs	Pathogen_Box_Bloggs	MMV687251	PB_FECH	Inhibition		3		%	Not active	PB_FECH_MMV687251
Pathogen_Box_Bloggs	Pathogen_Box_Bloggs	MMV676449	PB_FECH	Inhibition		5		%	Not active	PB_FECH_MMV676449
Pathogen_Box_Bloggs	Pathogen_Box_Bloggs	MMV676401	PB_FECH	Inhibition		7		%	Not active	PB_FECH_MMV676401
Pathogen_Box_Bloggs	Pathogen_Box_Bloggs	MMV676524	PB_FECH	Inhibition		-2		%	Not active	PB_FECH_MMV676524
Pathogen_Box_Bloggs	Pathogen_Box_Bloggs	MMV688125	PB_FECH	Inhibition		0		%	Not active	PB_FECH_MMV688125
Pathogen_Box_Bloggs	Pathogen_Box_Bloggs	MMV688466	PB_FECH	Inhibition		1		%	Not active	PB_FECH_MMV688466
Pathogen_Box_Bloggs	Pathogen_Box_Bloggs	MMV687749	PB_FECH	Inhibition		11		%	Not active	PB_FECH_MMV687749
Pathogen_Box_Bloggs	Pathogen_Box_Bloggs	MMV023969 	PB_FECH	Inhibition		8		%	Not active	PB_FECH_MMV023969 
Pathogen_Box_Bloggs	Pathogen_Box_Bloggs	MMV687765	PB_FECH	Inhibition		2		%	Not active	PB_FECH_MMV687765
Pathogen_Box_Bloggs	Pathogen_Box_Bloggs	MMV688124	PB_FECH	Inhibition		1		%	Not active	PB_FECH_MMV688124
Pathogen_Box_Bloggs	Pathogen_Box_Bloggs	MMV676512	PB_FECH	Inhibition		1		%	Not active	PB_FECH_MMV676512
Pathogen_Box_Bloggs	Pathogen_Box_Bloggs	MMV272144	PB_FECH	Inhibition		71		%	Active	PB_FECH_MMV272144
Pathogen_Box_Bloggs	Pathogen_Box_Bloggs	MMV495543	PB_FECH	Inhibition		0		%	Not active	PB_FECH_MMV495543
Pathogen_Box_Bloggs	Pathogen_Box_Bloggs	MMV021013	PB_FECH	Inhibition		1		%	Not active	PB_FECH_MMV021013
Pathogen_Box_Bloggs	Pathogen_Box_Bloggs	MMV054312	PB_FECH	Inhibition		14		%	Not active	PB_FECH_MMV054312
Pathogen_Box_Bloggs	Pathogen_Box_Bloggs	MMV228911	PB_FECH	Inhibition		-1		%	Not active	PB_FECH_MMV228911
Pathogen_Box_Bloggs	Pathogen_Box_Bloggs	MMV553002	PB_FECH	Inhibition		23		%	Not active	PB_FECH_MMV553002
Pathogen_Box_Bloggs	Pathogen_Box_Bloggs	MMV676388	PB_FECH	Inhibition		9		%	Not active	PB_FECH_MMV676388
Pathogen_Box_Bloggs	Pathogen_Box_Bloggs	MMV688755	PB_FECH	Inhibition		29		%	Not active	PB_FECH_MMV688755
Pathogen_Box_Bloggs	Pathogen_Box_Bloggs	MMV688756	PB_FECH	Inhibition		4		%	Not active	PB_FECH_MMV688756
Pathogen_Box_Bloggs	Pathogen_Box_Bloggs	MMV688844	PB_FECH	Inhibition		0		%	Not active	PB_FECH_MMV688844
Pathogen_Box_Bloggs	Pathogen_Box_Bloggs	MMV688845	PB_FECH	Inhibition		1		%	Not active	PB_FECH_MMV688845
Pathogen_Box_Bloggs	Pathogen_Box_Bloggs	MMV688846	PB_FECH	Inhibition		12		%	Not active	PB_FECH_MMV688846
Pathogen_Box_Bloggs	Pathogen_Box_Bloggs	MMV688888	PB_FECH	Inhibition		2		%	Not active	PB_FECH_MMV688888
Pathogen_Box_Bloggs	Pathogen_Box_Bloggs	MMV688889	PB_FECH	Inhibition		3		%	Not active	PB_FECH_MMV688889
Pathogen_Box_Bloggs	Pathogen_Box_Bloggs	MMV688891	PB_FECH	Inhibition		1		%	Not active	PB_FECH_MMV688891
Pathogen_Box_Bloggs	Pathogen_Box_Bloggs	MMV688936	PB_FECH	Inhibition		1		%	Not active	PB_FECH_MMV688936
Pathogen_Box_Bloggs	Pathogen_Box_Bloggs	MMV688939	PB_FECH	Inhibition		-1		%	Not active	PB_FECH_MMV688939
Pathogen_Box_Bloggs	Pathogen_Box_Bloggs	MMV688941	PB_FECH	Inhibition		10		%	Not active	PB_FECH_MMV688941
Pathogen_Box_Bloggs	Pathogen_Box_Bloggs	MMV661713	PB_FECH	Inhibition		4		%	Not active	PB_FECH_MMV661713
Pathogen_Box_Bloggs	Pathogen_Box_Bloggs	MMV688938	PB_FECH	Inhibition		2		%	Not active	PB_FECH_MMV688938
Pathogen_Box_Bloggs	Pathogen_Box_Bloggs	MMV019551	PB_FECH	Inhibition		2		%	Not active	PB_FECH_MMV019551
Pathogen_Box_Bloggs	Pathogen_Box_Bloggs	MMV020982	PB_FECH	Inhibition		0		%	Not active	PB_FECH_MMV020982
Pathogen_Box_Bloggs	Pathogen_Box_Bloggs	MMV560185	PB_FECH	Inhibition		15		%	Not active	PB_FECH_MMV560185
Pathogen_Box_Bloggs	Pathogen_Box_Bloggs	MMV023953	PB_FECH	Inhibition		4		%	Not active	PB_FECH_MMV023953
Pathogen_Box_Bloggs	Pathogen_Box_Bloggs	MMV022029	PB_FECH	Inhibition		3		%	Not active	PB_FECH_MMV022029
Pathogen_Box_Bloggs	Pathogen_Box_Bloggs	MMV085071	PB_FECH	Inhibition		5		%	Not active	PB_FECH_MMV085071
Pathogen_Box_Bloggs	Pathogen_Box_Bloggs	MMV011691	PB_FECH	Inhibition		7		%	Not active	PB_FECH_MMV011691
Pathogen_Box_Bloggs	Pathogen_Box_Bloggs	MMV031011	PB_FECH	Inhibition		-2		%	Not active	PB_FECH_MMV031011
Pathogen_Box_Bloggs	Pathogen_Box_Bloggs	MMV001059	PB_FECH	Inhibition		0		%	Not active	PB_FECH_MMV001059
Pathogen_Box_Bloggs	Pathogen_Box_Bloggs	MMV010764	PB_FECH	Inhibition		1		%	Not active	PB_FECH_MMV010764
Pathogen_Box_Bloggs	Pathogen_Box_Bloggs	MMV032967	PB_FECH	Inhibition		11		%	Not active	PB_FECH_MMV032967
Pathogen_Box_Bloggs	Pathogen_Box_Bloggs	MMV010576	PB_FECH	Inhibition		8		%	Not active	PB_FECH_MMV010576
Pathogen_Box_Bloggs	Pathogen_Box_Bloggs	MMV085499	PB_FECH	Inhibition		2		%	Not active	PB_FECH_MMV085499
Pathogen_Box_Bloggs	Pathogen_Box_Bloggs	MMV026468	PB_FECH	Inhibition		1		%	Not active	PB_FECH_MMV026468
Pathogen_Box_Bloggs	Pathogen_Box_Bloggs	MMV676260	PB_FECH	Inhibition		1		%	Not active	PB_FECH_MMV676260
Pathogen_Box_Bloggs	Pathogen_Box_Bloggs	MMV393144	PB_FECH	Inhibition		88		%	Active	PB_FECH_MMV393144
Pathogen_Box_Bloggs	Pathogen_Box_Bloggs	MMV392832	PB_FECH	Inhibition		0		%	Not active	PB_FECH_MMV392832
Pathogen_Box_Bloggs	Pathogen_Box_Bloggs	MMV663250	PB_FECH	Inhibition		1		%	Not active	PB_FECH_MMV663250
Pathogen_Box_Bloggs	Pathogen_Box_Bloggs	MMV024101	PB_FECH	Inhibition		14		%	Not active	PB_FECH_MMV024101
Pathogen_Box_Bloggs	Pathogen_Box_Bloggs	MMV085230	PB_FECH	Inhibition		-1		%	Not active	PB_FECH_MMV085230
Pathogen_Box_Bloggs	Pathogen_Box_Bloggs	MMV023949	PB_FECH	Inhibition		23		%	Not active	PB_FECH_MMV023949
Pathogen_Box_Bloggs	Pathogen_Box_Bloggs	MMV026550	PB_FECH	Inhibition		9		%	Not active	PB_FECH_MMV026550
Pathogen_Box_Bloggs	Pathogen_Box_Bloggs	MMV026313	PB_FECH	Inhibition		4		%	Not active	PB_FECH_MMV026313
Pathogen_Box_Bloggs	Pathogen_Box_Bloggs	MMV676269	PB_FECH	Inhibition		4		%	Not active	PB_FECH_MMV676269
Pathogen_Box_Bloggs	Pathogen_Box_Bloggs	MMV676270	PB_FECH	Inhibition		0		%	Not active	PB_FECH_MMV676270
Pathogen_Box_Bloggs	Pathogen_Box_Bloggs	MMV024195	PB_FECH	Inhibition		1		%	Not active	PB_FECH_MMV024195
Pathogen_Box_Bloggs	Pathogen_Box_Bloggs	MMV028694	PB_FECH	Inhibition		12		%	Not active	PB_FECH_MMV028694
Pathogen_Box_Bloggs	Pathogen_Box_Bloggs	MMV024114	PB_FECH	Inhibition		2		%	Not active	PB_FECH_MMV024114
Pathogen_Box_Bloggs	Pathogen_Box_Bloggs	MMV023985	PB_FECH	Inhibition		36		%	Not active	PB_FECH_MMV023985
Pathogen_Box_Bloggs	Pathogen_Box_Bloggs	MMV032995	PB_FECH	Inhibition		1		%	Not active	PB_FECH_MMV032995
Pathogen_Box_Bloggs	Pathogen_Box_Bloggs	MMV026490	PB_FECH	Inhibition		1		%	Not active	PB_FECH_MMV026490
Pathogen_Box_Bloggs	Pathogen_Box_Bloggs	MMV024937	PB_FECH	Inhibition		-1		%	Not active	PB_FECH_MMV024937
Pathogen_Box_Bloggs	Pathogen_Box_Bloggs	MMV023860	PB_FECH	Inhibition		10		%	Not active	PB_FECH_MMV023860
Pathogen_Box_Bloggs	Pathogen_Box_Bloggs	MMV024443	PB_FECH	Inhibition		4		%	Not active	PB_FECH_MMV024443
Pathogen_Box_Bloggs	Pathogen_Box_Bloggs	MMV000907	PB_FECH	Inhibition		2		%	Not active	PB_FECH_MMV000907
Pathogen_Box_Bloggs	Pathogen_Box_Bloggs	MMV676350	PB_FECH	Inhibition		2		%	Not active	PB_FECH_MMV676350
Pathogen_Box_Bloggs	Pathogen_Box_Bloggs	MMV084603	PB_FECH	Inhibition		0		%	Not active	PB_FECH_MMV084603
Pathogen_Box_Bloggs	Pathogen_Box_Bloggs	MMV026020	PB_FECH	Inhibition		15		%	Not active	PB_FECH_MMV026020
Pathogen_Box_Bloggs	Pathogen_Box_Bloggs	MMV026356	PB_FECH	Inhibition		4		%	Not active	PB_FECH_MMV026356
Pathogen_Box_Bloggs	Pathogen_Box_Bloggs	MMV023370	PB_FECH	Inhibition		3		%	Not active	PB_FECH_MMV023370
Pathogen_Box_Bloggs	Pathogen_Box_Bloggs	MMV022236	PB_FECH	Inhibition		5		%	Not active	PB_FECH_MMV022236
Pathogen_Box_Bloggs	Pathogen_Box_Bloggs	MMV019838	PB_FECH	Inhibition		7		%	Not active	PB_FECH_MMV019838
Pathogen_Box_Bloggs	Pathogen_Box_Bloggs	MMV676380	PB_FECH	Inhibition		-2		%	Not active	PB_FECH_MMV676380
Pathogen_Box_Bloggs	Pathogen_Box_Bloggs	MMV006372	PB_FECH	Inhibition		0		%	Not active	PB_FECH_MMV006372
Pathogen_Box_Bloggs	Pathogen_Box_Bloggs	MMV020512	PB_FECH	Inhibition		1		%	Not active	PB_FECH_MMV020512
Pathogen_Box_Bloggs	Pathogen_Box_Bloggs	MMV019721	PB_FECH	Inhibition		11		%	Not active	PB_FECH_MMV019721
Pathogen_Box_Bloggs	Pathogen_Box_Bloggs	MMV019234	PB_FECH	Inhibition		8		%	Not active	PB_FECH_MMV019234
Pathogen_Box_Bloggs	Pathogen_Box_Bloggs	MMV019807	PB_FECH	Inhibition		2		%	Not active	PB_FECH_MMV019807
Pathogen_Box_Bloggs	Pathogen_Box_Bloggs	MMV020623	PB_FECH	Inhibition		1		%	Not active	PB_FECH_MMV020623
Pathogen_Box_Bloggs	Pathogen_Box_Bloggs	MMV020136	PB_FECH	Inhibition		1		%	Not active	PB_FECH_MMV020136
Pathogen_Box_Bloggs	Pathogen_Box_Bloggs	MMV676442	PB_FECH	Inhibition		71		%	Active	PB_FECH_MMV676442
Pathogen_Box_Bloggs	Pathogen_Box_Bloggs	MMV007920 	PB_FECH	Inhibition		0		%	Not active	PB_FECH_MMV007920 
Pathogen_Box_Bloggs	Pathogen_Box_Bloggs	MMV019189	PB_FECH	Inhibition		1		%	Not active	PB_FECH_MMV019189
Pathogen_Box_Bloggs	Pathogen_Box_Bloggs	MMV020120	PB_FECH	Inhibition		14		%	Not active	PB_FECH_MMV020120
Pathogen_Box_Bloggs	Pathogen_Box_Bloggs	MMV006901	PB_FECH	Inhibition		-1		%	Not active	PB_FECH_MMV006901
Pathogen_Box_Bloggs	Pathogen_Box_Bloggs	MMV006741	PB_FECH	Inhibition		23		%	Not active	PB_FECH_MMV006741
Pathogen_Box_Bloggs	Pathogen_Box_Bloggs	MMV006239	PB_FECH	Inhibition		9		%	Not active	PB_FECH_MMV006239
Pathogen_Box_Bloggs	Pathogen_Box_Bloggs	MMV007638	PB_FECH	Inhibition		4		%	Not active	PB_FECH_MMV007638
Pathogen_Box_Bloggs	Pathogen_Box_Bloggs	MMV020537	PB_FECH	Inhibition		4		%	Not active	PB_FECH_MMV020537
Pathogen_Box_Bloggs	Pathogen_Box_Bloggs	MMV020320	PB_FECH	Inhibition		0		%	Not active	PB_FECH_MMV020320
Pathogen_Box_Bloggs	Pathogen_Box_Bloggs	MMV020152	PB_FECH	Inhibition		1		%	Not active	PB_FECH_MMV020152
Pathogen_Box_Bloggs	Pathogen_Box_Bloggs	MMV020710	PB_FECH	Inhibition		12		%	Not active	PB_FECH_MMV020710
Pathogen_Box_Bloggs	Pathogen_Box_Bloggs	MMV020520	PB_FECH	Inhibition		2		%	Not active	PB_FECH_MMV020520
Pathogen_Box_Bloggs	Pathogen_Box_Bloggs	MMV020321	PB_FECH	Inhibition		3		%	Not active	PB_FECH_MMV020321
Pathogen_Box_Bloggs	Pathogen_Box_Bloggs	MMV407834	PB_FECH	Inhibition		1		%	Not active	PB_FECH_MMV407834
Pathogen_Box_Bloggs	Pathogen_Box_Bloggs	MMV020165	PB_FECH	Inhibition		1		%	Not active	PB_FECH_MMV020165
Pathogen_Box_Bloggs	Pathogen_Box_Bloggs	MMV011903	PB_FECH	Inhibition		-1		%	Not active	PB_FECH_MMV011903
Pathogen_Box_Bloggs	Pathogen_Box_Bloggs	MMV676528	PB_FECH	Inhibition		10		%	Not active	PB_FECH_MMV676528
Pathogen_Box_Bloggs	Pathogen_Box_Bloggs	MMV024397	PB_FECH	Inhibition		4		%	Not active	PB_FECH_MMV024397
Pathogen_Box_Bloggs	Pathogen_Box_Bloggs	MMV020391	PB_FECH	Inhibition		2		%	Not active	PB_FECH_MMV020391
Pathogen_Box_Bloggs	Pathogen_Box_Bloggs	MMV020291	PB_FECH	Inhibition		2		%	Not active	PB_FECH_MMV020291
Pathogen_Box_Bloggs	Pathogen_Box_Bloggs	MMV019087	PB_FECH	Inhibition		0		%	Not active	PB_FECH_MMV019087
Pathogen_Box_Bloggs	Pathogen_Box_Bloggs	MMV084864	PB_FECH	Inhibition		15		%	Not active	PB_FECH_MMV084864
Pathogen_Box_Bloggs	Pathogen_Box_Bloggs	MMV000858	PB_FECH	Inhibition		4		%	Not active	PB_FECH_MMV000858
Pathogen_Box_Bloggs	Pathogen_Box_Bloggs	MMV020517	PB_FECH	Inhibition		3		%	Not active	PB_FECH_MMV020517
Pathogen_Box_Bloggs	Pathogen_Box_Bloggs	MMV020289	PB_FECH	Inhibition		5		%	Not active	PB_FECH_MMV020289
Pathogen_Box_Bloggs	Pathogen_Box_Bloggs	MMV020591	PB_FECH	Inhibition		7		%	Not active	PB_FECH_MMV020591
Pathogen_Box_Bloggs	Pathogen_Box_Bloggs	MMV019742	PB_FECH	Inhibition		-2		%	Not active	PB_FECH_MMV019742
Pathogen_Box_Bloggs	Pathogen_Box_Bloggs	MMV085210	PB_FECH	Inhibition		0		%	Not active	PB_FECH_MMV085210
Pathogen_Box_Bloggs	Pathogen_Box_Bloggs	MMV009054	PB_FECH	Inhibition		1		%	Not active	PB_FECH_MMV009054
Pathogen_Box_Bloggs	Pathogen_Box_Bloggs	MMV016136	PB_FECH	Inhibition		11		%	Not active	PB_FECH_MMV016136
Pathogen_Box_Bloggs	Pathogen_Box_Bloggs	MMV676605	PB_FECH	Inhibition		8		%	Not active	PB_FECH_MMV676605
Pathogen_Box_Bloggs	Pathogen_Box_Bloggs	MMV022478	PB_FECH	Inhibition		2		%	Not active	PB_FECH_MMV022478
Pathogen_Box_Bloggs	Pathogen_Box_Bloggs	MMV020081	PB_FECH	Inhibition		1		%	Not active	PB_FECH_MMV020081
Pathogen_Box_Bloggs	Pathogen_Box_Bloggs	MMV024406	PB_FECH	Inhibition		1		%	Not active	PB_FECH_MMV024406
Pathogen_Box_Bloggs	Pathogen_Box_Bloggs	MMV676877	PB_FECH	Inhibition		92		%	Active	PB_FECH_MMV676877
Pathogen_Box_Bloggs	Pathogen_Box_Bloggs	MMV023388	PB_FECH	Inhibition		0		%	Not active	PB_FECH_MMV023388
Pathogen_Box_Bloggs	Pathogen_Box_Bloggs	MMV676881	PB_FECH	Inhibition		1		%	Not active	PB_FECH_MMV676881
Pathogen_Box_Bloggs	Pathogen_Box_Bloggs	MMV023233	PB_FECH	Inhibition		14		%	Not active	PB_FECH_MMV023233
Pathogen_Box_Bloggs	Pathogen_Box_Bloggs	MMV030734	PB_FECH	Inhibition		-1		%	Not active	PB_FECH_MMV030734
Pathogen_Box_Bloggs	Pathogen_Box_Bloggs	MMV010545	PB_FECH	Inhibition		23		%	Not active	PB_FECH_MMV010545
Pathogen_Box_Bloggs	Pathogen_Box_Bloggs	MMV687246	PB_FECH	Inhibition		9		%	Not active	PB_FECH_MMV687246
Pathogen_Box_Bloggs	Pathogen_Box_Bloggs	MMV024829	PB_FECH	Inhibition		4		%	Not active	PB_FECH_MMV024829
Pathogen_Box_Bloggs	Pathogen_Box_Bloggs	MMV023227	PB_FECH	Inhibition		4		%	Not active	PB_FECH_MMV023227
Pathogen_Box_Bloggs	Pathogen_Box_Bloggs	MMV024035	PB_FECH	Inhibition		0		%	Not active	PB_FECH_MMV024035
Pathogen_Box_Bloggs	Pathogen_Box_Bloggs	MMV008439	PB_FECH	Inhibition		1		%	Not active	PB_FECH_MMV008439
Pathogen_Box_Bloggs	Pathogen_Box_Bloggs	MMV687794	PB_FECH	Inhibition		12		%	Not active	PB_FECH_MMV687794
Pathogen_Box_Bloggs	Pathogen_Box_Bloggs	MMV1019989	PB_FECH	Inhibition		2		%	Not active	PB_FECH_MMV1019989
Pathogen_Box_Bloggs	Pathogen_Box_Bloggs	MMV062221	PB_FECH	Inhibition		3		%	Not active	PB_FECH_MMV062221
Pathogen_Box_Bloggs	Pathogen_Box_Bloggs	MMV1088520	PB_FECH	Inhibition		1		%	Not active	PB_FECH_MMV1088520
Pathogen_Box_Bloggs	Pathogen_Box_Bloggs	MMV1028806	PB_FECH	Inhibition		1		%	Not active	PB_FECH_MMV1028806
Pathogen_Box_Bloggs	Pathogen_Box_Bloggs	MMV1030799	PB_FECH	Inhibition		-1		%	Not active	PB_FECH_MMV1030799
Pathogen_Box_Bloggs	Pathogen_Box_Bloggs	MMV1037162	PB_FECH	Inhibition		10		%	Not active	PB_FECH_MMV1037162
Pathogen_Box_Bloggs	Pathogen_Box_Bloggs	MMV1029203	PB_FECH	Inhibition		4		%	Not active	PB_FECH_MMV1029203
Pathogen_Box_Bloggs	Pathogen_Box_Bloggs	MMV011229	PB_FECH	Inhibition		2		%	Not active	PB_FECH_MMV011229
Pathogen_Box_Bloggs	Pathogen_Box_Bloggs	MMV016838	PB_FECH	Inhibition		2		%	Not active	PB_FECH_MMV016838
Pathogen_Box_Bloggs	Pathogen_Box_Bloggs	MMV634140	PB_FECH	Inhibition		0		%	Not active	PB_FECH_MMV634140
Pathogen_Box_Bloggs	Pathogen_Box_Bloggs	MMV667494	PB_FECH	Inhibition		15		%	Not active	PB_FECH_MMV667494
Pathogen_Box_Bloggs	Pathogen_Box_Bloggs	MMV006833	PB_FECH	Inhibition		4		%	Not active	PB_FECH_MMV006833
Pathogen_Box_Bloggs	Pathogen_Box_Bloggs	MMV007133	PB_FECH	Inhibition		3		%	Not active	PB_FECH_MMV007133
Pathogen_Box_Bloggs	Pathogen_Box_Bloggs	MMV007471	PB_FECH	Inhibition		5		%	Not active	PB_FECH_MMV007471
Pathogen_Box_Bloggs	Pathogen_Box_Bloggs	MMV007625	PB_FECH	Inhibition		7		%	Not active	PB_FECH_MMV007625
Pathogen_Box_Bloggs	Pathogen_Box_Bloggs	MMV007803	PB_FECH	Inhibition		-2		%	Not active	PB_FECH_MMV007803
Pathogen_Box_Bloggs	Pathogen_Box_Bloggs	MMV011511	PB_FECH	Inhibition		0		%	Not active	PB_FECH_MMV011511
Pathogen_Box_Bloggs	Pathogen_Box_Bloggs	MMV011765	PB_FECH	Inhibition		1		%	Not active	PB_FECH_MMV011765
Pathogen_Box_Bloggs	Pathogen_Box_Bloggs	MMV019790	PB_FECH	Inhibition		11		%	Not active	PB_FECH_MMV019790
Pathogen_Box_Bloggs	Pathogen_Box_Bloggs	MMV019993	PB_FECH	Inhibition		8		%	Not active	PB_FECH_MMV019993
Pathogen_Box_Bloggs	Pathogen_Box_Bloggs	MMV020388	PB_FECH	Inhibition		2		%	Not active	PB_FECH_MMV020388
Pathogen_Box_Bloggs	Pathogen_Box_Bloggs	MMV020670	PB_FECH	Inhibition		1		%	Not active	PB_FECH_MMV020670
Pathogen_Box_Bloggs	Pathogen_Box_Bloggs	MMV021057	PB_FECH	Inhibition		1		%	Not active	PB_FECH_MMV021057
Pathogen_Box_Bloggs	Pathogen_Box_Bloggs	MMV676358	PB_FECH	Inhibition		80		%	Active	PB_FECH_MMV676358
Pathogen_Box_Bloggs	Pathogen_Box_Bloggs	MMV023183	PB_FECH	Inhibition		0		%	Not active	PB_FECH_MMV023183
Pathogen_Box_Bloggs	Pathogen_Box_Bloggs	MMV688980	PB_FECH	Inhibition		1		%	Not active	PB_FECH_MMV688980
Pathogen_Box_Bloggs	Pathogen_Box_Bloggs	MMV021375	PB_FECH	Inhibition		14		%	Not active	PB_FECH_MMV021375
Pathogen_Box_Bloggs	Pathogen_Box_Bloggs	MMV009135	PB_FECH	Inhibition		-1		%	Not active	PB_FECH_MMV009135
Pathogen_Box_Bloggs	Pathogen_Box_Bloggs	MMV004168	PB_FECH	Inhibition		23		%	Not active	PB_FECH_MMV004168
Pathogen_Box_Bloggs	Pathogen_Box_Bloggs	MMV1236379	PB_FECH	Inhibition		9		%	Not active	PB_FECH_MMV1236379
Pathogen_Box_Bloggs	Pathogen_Box_Bloggs	MMV188296	PB_FECH	Inhibition		4		%	Not active	PB_FECH_MMV188296
Pathogen_Box_Bloggs	Pathogen_Box_Bloggs	MMV202553	PB_FECH	Inhibition		4		%	Not active	PB_FECH_MMV202553
Pathogen_Box_Bloggs	Pathogen_Box_Bloggs	MMV652003	PB_FECH	Inhibition		3		%	Not active	PB_FECH_MMV652003
Pathogen_Box_Bloggs	Pathogen_Box_Bloggs	MMV675998	PB_FECH	Inhibition		5		%	Not active	PB_FECH_MMV675998
Pathogen_Box_Bloggs	Pathogen_Box_Bloggs	MMV658988	PB_FECH	Inhibition		7		%	Not active	PB_FECH_MMV658988
Pathogen_Box_Bloggs	Pathogen_Box_Bloggs	MMV659004	PB_FECH	Inhibition		-2		%	Not active	PB_FECH_MMV659004
Pathogen_Box_Bloggs	Pathogen_Box_Bloggs	MMV676008	PB_FECH	Inhibition		0		%	Not active	PB_FECH_MMV676008
Pathogen_Box_Bloggs	Pathogen_Box_Bloggs	MMV676048	PB_FECH	Inhibition		1		%	Not active	PB_FECH_MMV676048
Pathogen_Box_Bloggs	Pathogen_Box_Bloggs	MMV045105	PB_FECH	Inhibition		11		%	Not active	PB_FECH_MMV045105
Pathogen_Box_Bloggs	Pathogen_Box_Bloggs	MMV676057	PB_FECH	Inhibition		1		%	Not active	PB_FECH_MMV676057
Pathogen_Box_Bloggs	Pathogen_Box_Bloggs	MMV659010	PB_FECH	Inhibition		85		%	Active	PB_FECH_MMV659010
Pathogen_Box_Bloggs	Pathogen_Box_Bloggs	MMV676159	PB_FECH	Inhibition		0		%	Not active	PB_FECH_MMV676159
Pathogen_Box_Bloggs	Pathogen_Box_Bloggs	MMV676161	PB_FECH	Inhibition		1		%	Not active	PB_FECH_MMV676161
Pathogen_Box_Bloggs	Pathogen_Box_Bloggs	MMV676162	PB_FECH	Inhibition		12		%	Not active	PB_FECH_MMV676162
Pathogen_Box_Bloggs	Pathogen_Box_Bloggs	MMV658993	PB_FECH	Inhibition		2		%	Not active	PB_FECH_MMV658993
Pathogen_Box_Bloggs	Pathogen_Box_Bloggs	MMV676186	PB_FECH	Inhibition		3		%	Not active	PB_FECH_MMV676186
Pathogen_Box_Bloggs	Pathogen_Box_Bloggs	MMV001561	PB_FECH	Inhibition		22		%	Not active	PB_FECH_MMV001561
Pathogen_Box_Bloggs	Pathogen_Box_Bloggs	MMV676600	PB_FECH	Inhibition		1		%	Not active	PB_FECH_MMV676600
Pathogen_Box_Bloggs	Pathogen_Box_Bloggs	MMV676602	PB_FECH	Inhibition		-1		%	Not active	PB_FECH_MMV676602
Pathogen_Box_Bloggs	Pathogen_Box_Bloggs	MMV676604	PB_FECH	Inhibition		10		%	Not active	PB_FECH_MMV676604
Pathogen_Box_Bloggs	Pathogen_Box_Bloggs	MMV687706	PB_FECH	Inhibition		4		%	Not active	PB_FECH_MMV687706
Pathogen_Box_Bloggs	Pathogen_Box_Bloggs	MMV687762	PB_FECH	Inhibition		2		%	Not active	PB_FECH_MMV687762
Pathogen_Box_Bloggs	Pathogen_Box_Bloggs	MMV688179	PB_FECH	Inhibition		2		%	Not active	PB_FECH_MMV688179
Pathogen_Box_Bloggs	Pathogen_Box_Bloggs	MMV688180	PB_FECH	Inhibition		0		%	Not active	PB_FECH_MMV688180
Pathogen_Box_Bloggs	Pathogen_Box_Bloggs	MMV688271	PB_FECH	Inhibition		15		%	Not active	PB_FECH_MMV688271
Pathogen_Box_Bloggs	Pathogen_Box_Bloggs	MMV688273	PB_FECH	Inhibition		4		%	Not active	PB_FECH_MMV688273
Pathogen_Box_Bloggs	Pathogen_Box_Bloggs	MMV688274	PB_FECH	Inhibition		3		%	Not active	PB_FECH_MMV688274
Pathogen_Box_Bloggs	Pathogen_Box_Bloggs	MMV688279	PB_FECH	Inhibition		5		%	Not active	PB_FECH_MMV688279
Pathogen_Box_Bloggs	Pathogen_Box_Bloggs	MMV688283	PB_FECH	Inhibition		7		%	Not active	PB_FECH_MMV688283
Pathogen_Box_Bloggs	Pathogen_Box_Bloggs	MMV688360	PB_FECH	Inhibition		-2		%	Not active	PB_FECH_MMV688360
Pathogen_Box_Bloggs	Pathogen_Box_Bloggs	MMV688361	PB_FECH	Inhibition		0		%	Not active	PB_FECH_MMV688361
Pathogen_Box_Bloggs	Pathogen_Box_Bloggs	MMV688362	PB_FECH	Inhibition		1		%	Not active	PB_FECH_MMV688362
Pathogen_Box_Bloggs	Pathogen_Box_Bloggs	MMV688371	PB_FECH	Inhibition		11		%	Not active	PB_FECH_MMV688371
Pathogen_Box_Bloggs	Pathogen_Box_Bloggs	MMV688407	PB_FECH	Inhibition		8		%	Not active	PB_FECH_MMV688407
Pathogen_Box_Bloggs	Pathogen_Box_Bloggs	MMV688410	PB_FECH	Inhibition		2		%	Not active	PB_FECH_MMV688410
Pathogen_Box_Bloggs	Pathogen_Box_Bloggs	MMV688415	PB_FECH	Inhibition		1		%	Not active	PB_FECH_MMV688415
Pathogen_Box_Bloggs	Pathogen_Box_Bloggs	MMV688467	PB_FECH	Inhibition		1		%	Not active	PB_FECH_MMV688467
Pathogen_Box_Bloggs	Pathogen_Box_Bloggs	MMV688474	PB_FECH	Inhibition		77		%	Active	PB_FECH_MMV688474
Pathogen_Box_Bloggs	Pathogen_Box_Bloggs	MMV688514	PB_FECH	Inhibition		0		%	Not active	PB_FECH_MMV688514
Pathogen_Box_Bloggs	Pathogen_Box_Bloggs	MMV688547	PB_FECH	Inhibition		1		%	Not active	PB_FECH_MMV688547
Pathogen_Box_Bloggs	Pathogen_Box_Bloggs	MMV688550	PB_FECH	Inhibition		14		%	Not active	PB_FECH_MMV688550
Pathogen_Box_Bloggs	Pathogen_Box_Bloggs	MMV688754	PB_FECH	Inhibition		-1		%	Not active	PB_FECH_MMV688754
Pathogen_Box_Bloggs	Pathogen_Box_Bloggs	MMV688776	PB_FECH	Inhibition		23		%	Not active	PB_FECH_MMV688776
Pathogen_Box_Bloggs	Pathogen_Box_Bloggs	MMV099637	PB_FECH	Inhibition		9		%	Not active	PB_FECH_MMV099637
Pathogen_Box_Bloggs	Pathogen_Box_Bloggs	MMV688793	PB_FECH	Inhibition		4		%	Not active	PB_FECH_MMV688793
Pathogen_Box_Bloggs	Pathogen_Box_Bloggs	MMV688795	PB_FECH	Inhibition		4		%	Not active	PB_FECH_MMV688795
Pathogen_Box_Bloggs	Pathogen_Box_Bloggs	MMV688796	PB_FECH	Inhibition		0		%	Not active	PB_FECH_MMV688796
Pathogen_Box_Bloggs	Pathogen_Box_Bloggs	MMV688797	PB_FECH	Inhibition		1		%	Not active	PB_FECH_MMV688797
Pathogen_Box_Bloggs	Pathogen_Box_Bloggs	MMV688798	PB_FECH	Inhibition		12		%	Not active	PB_FECH_MMV688798
Pathogen_Box_Bloggs	Pathogen_Box_Bloggs	MMV688934	PB_FECH	Inhibition		2		%	Not active	PB_FECH_MMV688934
Pathogen_Box_Bloggs	Pathogen_Box_Bloggs	MMV688942	PB_FECH	Inhibition		3		%	Not active	PB_FECH_MMV688942
Pathogen_Box_Bloggs	Pathogen_Box_Bloggs	MMV688943	PB_FECH	Inhibition		1		%	Not active	PB_FECH_MMV688943
Pathogen_Box_Bloggs	Pathogen_Box_Bloggs	MMV688958	PB_FECH	Inhibition		1		%	Not active	PB_FECH_MMV688958
Pathogen_Box_Bloggs	Pathogen_Box_Bloggs	MMV675997	PB_FECH	Inhibition		-1		%	Not active	PB_FECH_MMV675997
Pathogen_Box_Bloggs	Pathogen_Box_Bloggs	MMV688372	PB_FECH	Inhibition		10		%	Not active	PB_FECH_MMV688372
Pathogen_Box_Bloggs	Pathogen_Box_Bloggs	MMV595321	PB_FECH	Inhibition		4		%	Not active	PB_FECH_MMV595321
Pathogen_Box_Bloggs	Pathogen_Box_Bloggs	MMV689028	PB_FECH	Inhibition		2		%	Not active	PB_FECH_MMV689028
Pathogen_Box_Bloggs	Pathogen_Box_Bloggs	MMV689029	PB_FECH	Inhibition		3		%	Not active	PB_FECH_MMV689029
Pathogen_Box_Bloggs	Pathogen_Box_Bloggs	MMV689061	PB_FECH	Inhibition		0		%	Not active	PB_FECH_MMV689061
Pathogen_Box_Bloggs	Pathogen_Box_Bloggs	MMV689709	PB_FECH	Inhibition		16		%	Not active	PB_FECH_MMV689709
Pathogen_Box_Bloggs	Pathogen_Box_Bloggs	MMV689060	PB_FECH	Inhibition		4		%	Not active	PB_FECH_MMV689060
Pathogen_Box_Bloggs	Pathogen_Box_Bloggs	MMV689437	PB_FECH	Inhibition		3		%	Not active	PB_FECH_MMV689437
Pathogen_Box_Bloggs	Pathogen_Box_Bloggs	MMV689243	PB_FECH	Inhibition		5		%	Not active	PB_FECH_MMV689243
Pathogen_Box_Bloggs	Pathogen_Box_Bloggs	MMV689244	PB_FECH	Inhibition		7		%	Not active	PB_FECH_MMV689244
Pathogen_Box_Bloggs	Pathogen_Box_Bloggs	MMV690027	PB_FECH	Inhibition		-2		%	Not active	PB_FECH_MMV690027
Pathogen_Box_Bloggs	Pathogen_Box_Bloggs	MMV690028	PB_FECH	Inhibition		0		%	Not active	PB_FECH_MMV690028
Pathogen_Box_Bloggs	Pathogen_Box_Bloggs	MMV690103	PB_FECH	Inhibition		1		%	Not active	PB_FECH_MMV690103
Pathogen_Box_Bloggs	Pathogen_Box_Bloggs	MMV690102	PB_FECH	Inhibition		11		%	Not active	PB_FECH_MMV690102
Pathogen_Box_Bloggs	Pathogen_Box_Bloggs	MMV675968	PB_FECH	Inhibition		8		%	Not active	PB_FECH_MMV675968
Pathogen_Box_Bloggs	Pathogen_Box_Bloggs	MMV675993	PB_FECH	Inhibition		2		%	Not active	PB_FECH_MMV675993
Pathogen_Box_Bloggs	Pathogen_Box_Bloggs	MMV675994	PB_FECH	Inhibition		1		%	Not active	PB_FECH_MMV675994
Pathogen_Box_Bloggs	Pathogen_Box_Bloggs	MMV676050	PB_FECH	Inhibition		1		%	Not active	PB_FECH_MMV676050
Pathogen_Box_Bloggs	Pathogen_Box_Bloggs	MMV676053	PB_FECH	Inhibition		79		%	Active	PB_FECH_MMV676053
Pathogen_Box_Bloggs	Pathogen_Box_Bloggs	MMV676182	PB_FECH	Inhibition		0		%	Not active	PB_FECH_MMV676182
Pathogen_Box_Bloggs	Pathogen_Box_Bloggs	MMV676191	PB_FECH	Inhibition		1		%	Not active	PB_FECH_MMV676191
Pathogen_Box_Bloggs	Pathogen_Box_Bloggs	MMV676599	PB_FECH	Inhibition		14		%	Not active	PB_FECH_MMV676599
Pathogen_Box_Bloggs	Pathogen_Box_Bloggs	MMV688853	PB_FECH	Inhibition		1		%	Not active	PB_FECH_MMV688853
Pathogen_Box_Bloggs	Pathogen_Box_Bloggs	MMV688854	PB_FECH	Inhibition		13		%	Not active	PB_FECH_MMV688854
Pathogen_Box_Bloggs	Pathogen_Box_Bloggs	MMV689255	PB_FECH	Inhibition		9		%	Not active	PB_FECH_MMV689255
Pathogen_Box_Bloggs	Pathogen_Box_Bloggs	MMV001493	PB_FECH	Inhibition		4		%	Not active	PB_FECH_MMV001493
Pathogen_Box_Bloggs	Pathogen_Box_Bloggs	MMV002817	PB_FECH	Inhibition		4		%	Not active	PB_FECH_MMV002817
Pathogen_Box_Bloggs	Pathogen_Box_Bloggs	MMV671636	PB_FECH	Inhibition		0		%	Not active	PB_FECH_MMV671636
Pathogen_Box_Bloggs	Pathogen_Box_Bloggs	MMV687775	PB_FECH	Inhibition		1		%	Not active	PB_FECH_MMV687775
Pathogen_Box_Bloggs	Pathogen_Box_Bloggs	MMV687776	PB_FECH	Inhibition		12		%	Not active	PB_FECH_MMV687776
Pathogen_Box_Bloggs	Pathogen_Box_Bloggs	MMV668727	PB_FECH	Inhibition		2		%	Not active	PB_FECH_MMV668727
Pathogen_Box_Bloggs	Pathogen_Box_Bloggs	MMV675996	PB_FECH	Inhibition		3		%	Not active	PB_FECH_MMV675996
Pathogen_Box_Bloggs	Pathogen_Box_Bloggs	MMV676064	PB_FECH	Inhibition		1		%	Not active	PB_FECH_MMV676064
Pathogen_Box_Bloggs	Pathogen_Box_Bloggs	MMV676492	PB_FECH	Inhibition		1		%	Not active	PB_FECH_MMV676492
Pathogen_Box_Bloggs	Pathogen_Box_Bloggs	MMV675969	PB_FECH	Inhibition		-1		%	Not active	PB_FECH_MMV675969
Pathogen_Box_Bloggs	Pathogen_Box_Bloggs	MMV675995	PB_FECH	Inhibition		10		%	Not active	PB_FECH_MMV675995
Pathogen_Box_Bloggs	Pathogen_Box_Bloggs	MMV676204	PB_FECH	Inhibition		4		%	Not active	PB_FECH_MMV676204
Pathogen_Box_Bloggs	Pathogen_Box_Bloggs	MMV676480	PB_FECH	Inhibition		2		%	Not active	PB_FECH_MMV676480
Pathogen_Box_Bloggs	Pathogen_Box_Bloggs	MMV676063	PB_FECH	Inhibition		2		%	Not active	PB_FECH_MMV676063
Pathogen_Box_Bloggs	Pathogen_Box_Bloggs	MMV407539	PB_FECH	Inhibition		0		%	Not active	PB_FECH_MMV407539
Pathogen_Box_Bloggs	Pathogen_Box_Bloggs	MMV676398	PB_FECH	Inhibition		15		%	Not active	PB_FECH_MMV676398
Pathogen_Box_Bloggs	Pathogen_Box_Bloggs	MMV1110498	PB_FECH	Inhibition		4		%	Not active	PB_FECH_MMV1110498
Pathogen_Box_Bloggs	Pathogen_Box_Bloggs	MMV676382	PB_FECH	Inhibition		3		%	Not active	PB_FECH_MMV676382
Pathogen_Box_Bloggs	Pathogen_Box_Bloggs	MMV676536	PB_FECH	Inhibition		5		%	Not active	PB_FECH_MMV676536
Pathogen_Box_Bloggs	Pathogen_Box_Bloggs	MMV688178	PB_FECH	Inhibition		7		%	Not active	PB_FECH_MMV688178
Pathogen_Box_Bloggs	Pathogen_Box_Bloggs	MMV688313	PB_FECH	Inhibition		-2		%	Not active	PB_FECH_MMV688313
Pathogen_Box_Bloggs	Pathogen_Box_Bloggs	MMV688270	PB_FECH	Inhibition		0		%	Not active	PB_FECH_MMV688270
Pathogen_Box_Bloggs	Pathogen_Box_Bloggs	MMV688762	PB_FECH	Inhibition		1		%	Not active	PB_FECH_MMV688762
Pathogen_Box_Bloggs	Pathogen_Box_Bloggs	MMV688771	PB_FECH	Inhibition		11		%	Not active	PB_FECH_MMV688771
Pathogen_Box_Bloggs	Pathogen_Box_Bloggs	MMV688768	PB_FECH	Inhibition		8		%	Not active	PB_FECH_MMV688768
Pathogen_Box_Bloggs	Pathogen_Box_Bloggs	MMV688763	PB_FECH	Inhibition		2		%	Not active	PB_FECH_MMV688763
Pathogen_Box_Bloggs	Pathogen_Box_Bloggs	MMV688761	PB_FECH	Inhibition		1		%	Not active	PB_FECH_MMV688761
Pathogen_Box_Bloggs	Pathogen_Box_Bloggs	MMV688552	PB_FECH	Inhibition		1		%	Not active	PB_FECH_MMV688552
Pathogen_Box_Bloggs	Pathogen_Box_Bloggs	MMV688766	PB_FECH	Inhibition		71		%	Active	PB_FECH_MMV688766
Pathogen_Box_Bloggs	Pathogen_Box_Bloggs	MMV1198433	PB_FECH	Inhibition		0		%	Not active	PB_FECH_MMV1198433
Pathogen_Box_Bloggs	Pathogen_Box_Bloggs	MMV637229	PB_FECH	Inhibition		1		%	Not active	PB_FECH_MMV637229
Pathogen_Box_Bloggs	Pathogen_Box_Bloggs	MMV003270 	PB_FECH	Inhibition		14		%	Not active	PB_FECH_MMV003270 
Pathogen_Box_Bloggs	Pathogen_Box_Bloggs	MMV688330	PB_FECH	Inhibition		-1		%	Not active	PB_FECH_MMV688330
Pathogen_Box_Bloggs	Pathogen_Box_Bloggs	MMV688345	PB_FECH	Inhibition		23		%	Not active	PB_FECH_MMV688345
Pathogen_Box_Bloggs	Pathogen_Box_Bloggs	MMV688364	PB_FECH	Inhibition		9		%	Not active	PB_FECH_MMV688364
Pathogen_Box_Bloggs	Pathogen_Box_Bloggs	MMV688411	PB_FECH	Inhibition		4		%	Not active	PB_FECH_MMV688411
Pathogen_Box_Bloggs	Pathogen_Box_Bloggs	MMV688417	PB_FECH	Inhibition		4		%	Not active	PB_FECH_MMV688417
Pathogen_Box_Bloggs	Pathogen_Box_Bloggs	MMV688469	PB_FECH	Inhibition		0		%	Not active	PB_FECH_MMV688469
Pathogen_Box_Bloggs	Pathogen_Box_Bloggs	MMV688470	PB_FECH	Inhibition		1		%	Not active	PB_FECH_MMV688470
Pathogen_Box_Bloggs	Pathogen_Box_Bloggs	MMV688471	PB_FECH	Inhibition		12		%	Not active	PB_FECH_MMV688471
Pathogen_Box_Bloggs	Pathogen_Box_Bloggs	MMV688472	PB_FECH	Inhibition		2		%	Not active	PB_FECH_MMV688472
Pathogen_Box_Bloggs	Pathogen_Box_Bloggs	MMV688509	PB_FECH	Inhibition		3		%	Not active	PB_FECH_MMV688509
Pathogen_Box_Bloggs	Pathogen_Box_Bloggs	MMV688548	PB_FECH	Inhibition		1		%	Not active	PB_FECH_MMV688548
Pathogen_Box_Bloggs	Pathogen_Box_Bloggs	MMV688703	PB_FECH	Inhibition		1		%	Not active	PB_FECH_MMV688703
Pathogen_Box_Bloggs	Pathogen_Box_Bloggs	MMV688704	PB_FECH	Inhibition		-1		%	Not active	PB_FECH_MMV688704
Pathogen_Box_Bloggs	Pathogen_Box_Bloggs	MMV688852	PB_FECH	Inhibition		10		%	Not active	PB_FECH_MMV688852
Pathogen_Box_Bloggs	Pathogen_Box_Bloggs	MMV688955	PB_FECH	Inhibition		4		%	Not active	PB_FECH_MMV688955
Pathogen_Box_Bloggs	Pathogen_Box_Bloggs	MMV688350	PB_FECH	Inhibition		2		%	Not active	PB_FECH_MMV688350
Pathogen_Box_Bloggs	Pathogen_Box_Bloggs	MMV688416	PB_FECH	Inhibition		2		%	Not active	PB_FECH_MMV688416
Pathogen_Box_Bloggs	Pathogen_Box_Bloggs	MMV688543	PB_FECH	Inhibition		0		%	Not active	PB_FECH_MMV688543
Pathogen_Box_Bloggs	Pathogen_Box_Bloggs	MMV688921	PB_FECH	Inhibition		15		%	Not active	PB_FECH_MMV688921
Pathogen_Box_Bloggs	Pathogen_Box_Bloggs	MMV688352	PB_FECH	Inhibition		0		%	Not active	PB_FECH_MMV688352
Pathogen_Box_Bloggs	Pathogen_Box_Bloggs	MMV689758	PB_FECH	Inhibition		1		%	Not active	PB_FECH_MMV689758
Pathogen_Box_Bloggs	Pathogen_Box_Bloggs	MMV000062	PB_FECH	Inhibition		14		%	Not active	PB_FECH_MMV000062
Pathogen_Box_Bloggs	Pathogen_Box_Bloggs	MMV002529	PB_FECH	Inhibition		-1		%	Not active	PB_FECH_MMV002529
Pathogen_Box_Bloggs	Pathogen_Box_Bloggs	MMV687800	PB_FECH	Inhibition		23		%	Not active	PB_FECH_MMV687800
Pathogen_Box_Bloggs	Pathogen_Box_Bloggs	MMV001625	PB_FECH	Inhibition		9		%	Not active	PB_FECH_MMV001625
Pathogen_Box_Bloggs	Pathogen_Box_Bloggs	MMV637953	PB_FECH	Inhibition		4		%	Not active	PB_FECH_MMV637953
Pathogen_Box_Bloggs	Pathogen_Box_Bloggs	MMV000063	PB_FECH	Inhibition		4		%	Not active	PB_FECH_MMV000063
Pathogen_Box_Bloggs	Pathogen_Box_Bloggs	MMV688773	PB_FECH	Inhibition		0		%	Not active	PB_FECH_MMV688773
Pathogen_Box_Bloggs	Pathogen_Box_Bloggs	MMV000011	PB_FECH	Inhibition		1		%	Not active	PB_FECH_MMV000011
Pathogen_Box_Bloggs	Pathogen_Box_Bloggs	MMV688774	PB_FECH	Inhibition		12		%	Not active	PB_FECH_MMV688774
Pathogen_Box_Bloggs	Pathogen_Box_Bloggs	MMV688991	PB_FECH	Inhibition		2		%	Not active	PB_FECH_MMV688991
Pathogen_Box_Bloggs	Pathogen_Box_Bloggs	MMV687801	PB_FECH	Inhibition		3		%	Not active	PB_FECH_MMV687801
Pathogen_Box_Bloggs	Pathogen_Box_Bloggs	MMV689480	PB_FECH	Inhibition		1		%	Not active	PB_FECH_MMV689480
Pathogen_Box_Bloggs	Pathogen_Box_Bloggs	MMV003152	PB_FECH	Inhibition		1		%	Not active	PB_FECH_MMV003152
Pathogen_Box_Bloggs	Pathogen_Box_Bloggs	MMV000023	PB_FECH	Inhibition		-1		%	Not active	PB_FECH_MMV000023
Pathogen_Box_Bloggs	Pathogen_Box_Bloggs	MMV000014	PB_FECH	Inhibition		10		%	Not active	PB_FECH_MMV000014
Pathogen_Box_Bloggs	Pathogen_Box_Bloggs	MMV687803	PB_FECH	Inhibition		4		%	Not active	PB_FECH_MMV687803
Pathogen_Box_Bloggs	Pathogen_Box_Bloggs	MMV688994	PB_FECH	Inhibition		2		%	Not active	PB_FECH_MMV688994
Pathogen_Box_Bloggs	Pathogen_Box_Bloggs	MMV687798	PB_FECH	Inhibition		2		%	Not active	PB_FECH_MMV687798
Pathogen_Box_Bloggs	Pathogen_Box_Bloggs	MMV688775	PB_FECH	Inhibition		0		%	Not active	PB_FECH_MMV688775
Pathogen_Box_Bloggs	Pathogen_Box_Bloggs	MMV689000	PB_FECH	Inhibition		15		%	Not active	PB_FECH_MMV689000
Pathogen_Box_Bloggs	Pathogen_Box_Bloggs	MMV001499	PB_FECH	Inhibition		4		%	Not active	PB_FECH_MMV001499
Pathogen_Box_Bloggs	Pathogen_Box_Bloggs	MMV002816	PB_FECH	Inhibition		3		%	Not active	PB_FECH_MMV002816
Pathogen_Box_Bloggs	Pathogen_Box_Bloggs	MMV687796	PB_FECH	Inhibition		5		%	Not active	PB_FECH_MMV687796
Pathogen_Box_Bloggs	Pathogen_Box_Bloggs	MMV688978	PB_FECH	Inhibition		7		%	Not active	PB_FECH_MMV688978
Pathogen_Box_Bloggs	Pathogen_Box_Bloggs	MMV688990	PB_FECH	Inhibition		-2		%	Not active	PB_FECH_MMV688990
Pathogen_Box_Bloggs	Pathogen_Box_Bloggs	MMV161996	PB_HMBS	Inhibition		0		%	Not active	PB_HMBS_MMV161996
Pathogen_Box_Bloggs	Pathogen_Box_Bloggs	MMV202458	PB_HMBS	Inhibition		1		%	Not active	PB_HMBS_MMV202458
Pathogen_Box_Bloggs	Pathogen_Box_Bloggs	MMV676395	PB_HMBS	Inhibition		11		%	Not active	PB_HMBS_MMV676395
Pathogen_Box_Bloggs	Pathogen_Box_Bloggs	MMV676406	PB_HMBS	Inhibition		8		%	Not active	PB_HMBS_MMV676406
Pathogen_Box_Bloggs	Pathogen_Box_Bloggs	MMV153413	PB_HMBS	Inhibition		2		%	Not active	PB_HMBS_MMV153413
Pathogen_Box_Bloggs	Pathogen_Box_Bloggs	MMV676468	PB_HMBS	Inhibition		1		%	Not active	PB_HMBS_MMV676468
Pathogen_Box_Bloggs	Pathogen_Box_Bloggs	MMV676478	PB_HMBS	Inhibition		1		%	Not active	PB_HMBS_MMV676478
Pathogen_Box_Bloggs	Pathogen_Box_Bloggs	MMV090930	PB_HMBS	Inhibition		80		%	Active	PB_HMBS_MMV090930
Pathogen_Box_Bloggs	Pathogen_Box_Bloggs	MMV069458	PB_HMBS	Inhibition		0		%	Not active	PB_HMBS_MMV069458
Pathogen_Box_Bloggs	Pathogen_Box_Bloggs	MMV676539	PB_HMBS	Inhibition		1		%	Not active	PB_HMBS_MMV676539
Pathogen_Box_Bloggs	Pathogen_Box_Bloggs	MMV676571	PB_HMBS	Inhibition		14		%	Not active	PB_HMBS_MMV676571
Pathogen_Box_Bloggs	Pathogen_Box_Bloggs	MMV676589	PB_HMBS	Inhibition		-1		%	Not active	PB_HMBS_MMV676589
Pathogen_Box_Bloggs	Pathogen_Box_Bloggs	MMV676603	PB_HMBS	Inhibition		23		%	Not active	PB_HMBS_MMV676603
Pathogen_Box_Bloggs	Pathogen_Box_Bloggs	MMV687145	PB_HMBS	Inhibition		9		%	Not active	PB_HMBS_MMV687145
Pathogen_Box_Bloggs	Pathogen_Box_Bloggs	MMV687146	PB_HMBS	Inhibition		4		%	Not active	PB_HMBS_MMV687146
Pathogen_Box_Bloggs	Pathogen_Box_Bloggs	MMV687172	PB_HMBS	Inhibition		4		%	Not active	PB_HMBS_MMV687172
Pathogen_Box_Bloggs	Pathogen_Box_Bloggs	MMV687180	PB_HMBS	Inhibition		3		%	Not active	PB_HMBS_MMV687180
Pathogen_Box_Bloggs	Pathogen_Box_Bloggs	MMV687239	PB_HMBS	Inhibition		5		%	Not active	PB_HMBS_MMV687239
Pathogen_Box_Bloggs	Pathogen_Box_Bloggs	MMV687696	PB_HMBS	Inhibition		7		%	Not active	PB_HMBS_MMV687696
Pathogen_Box_Bloggs	Pathogen_Box_Bloggs	MMV687813	PB_HMBS	Inhibition		-2		%	Not active	PB_HMBS_MMV687813
Pathogen_Box_Bloggs	Pathogen_Box_Bloggs	MMV688262	PB_HMBS	Inhibition		0		%	Not active	PB_HMBS_MMV688262
Pathogen_Box_Bloggs	Pathogen_Box_Bloggs	MMV688327	PB_HMBS	Inhibition		1		%	Not active	PB_HMBS_MMV688327
Pathogen_Box_Bloggs	Pathogen_Box_Bloggs	MMV688508	PB_HMBS	Inhibition		11		%	Not active	PB_HMBS_MMV688508
Pathogen_Box_Bloggs	Pathogen_Box_Bloggs	MMV688122	PB_HMBS	Inhibition		1		%	Not active	PB_HMBS_MMV688122
Pathogen_Box_Bloggs	Pathogen_Box_Bloggs	MMV676386	PB_HMBS	Inhibition		85		%	Active	PB_HMBS_MMV676386
Pathogen_Box_Bloggs	Pathogen_Box_Bloggs	MMV053220	PB_HMBS	Inhibition		0		%	Not active	PB_HMBS_MMV053220
Pathogen_Box_Bloggs	Pathogen_Box_Bloggs	MMV461553	PB_HMBS	Inhibition		1		%	Not active	PB_HMBS_MMV461553
Pathogen_Box_Bloggs	Pathogen_Box_Bloggs	MMV611037	PB_HMBS	Inhibition		12		%	Not active	PB_HMBS_MMV611037
Pathogen_Box_Bloggs	Pathogen_Box_Bloggs	MMV676445	PB_HMBS	Inhibition		2		%	Not active	PB_HMBS_MMV676445
Pathogen_Box_Bloggs	Pathogen_Box_Bloggs	MMV012074	PB_HMBS	Inhibition		3		%	Not active	PB_HMBS_MMV012074
Pathogen_Box_Bloggs	Pathogen_Box_Bloggs	MMV047015	PB_HMBS	Inhibition		1		%	Not active	PB_HMBS_MMV047015
Pathogen_Box_Bloggs	Pathogen_Box_Bloggs	MMV676474	PB_HMBS	Inhibition		1		%	Not active	PB_HMBS_MMV676474
Pathogen_Box_Bloggs	Pathogen_Box_Bloggs	MMV676501	PB_HMBS	Inhibition		-1		%	Not active	PB_HMBS_MMV676501
Pathogen_Box_Bloggs	Pathogen_Box_Bloggs	MMV676509	PB_HMBS	Inhibition		10		%	Not active	PB_HMBS_MMV676509
Pathogen_Box_Bloggs	Pathogen_Box_Bloggs	MMV676520	PB_HMBS	Inhibition		4		%	Not active	PB_HMBS_MMV676520
Pathogen_Box_Bloggs	Pathogen_Box_Bloggs	MMV063404	PB_HMBS	Inhibition		2		%	Not active	PB_HMBS_MMV063404
Pathogen_Box_Bloggs	Pathogen_Box_Bloggs	MMV676555	PB_HMBS	Inhibition		2		%	Not active	PB_HMBS_MMV676555
Pathogen_Box_Bloggs	Pathogen_Box_Bloggs	MMV687138	PB_HMBS	Inhibition		0		%	Not active	PB_HMBS_MMV687138
Pathogen_Box_Bloggs	Pathogen_Box_Bloggs	MMV687170	PB_HMBS	Inhibition		15		%	Not active	PB_HMBS_MMV687170
Pathogen_Box_Bloggs	Pathogen_Box_Bloggs	MMV687188	PB_HMBS	Inhibition		4		%	Not active	PB_HMBS_MMV687188
Pathogen_Box_Bloggs	Pathogen_Box_Bloggs	MMV687273	PB_HMBS	Inhibition		3		%	Not active	PB_HMBS_MMV687273
Pathogen_Box_Bloggs	Pathogen_Box_Bloggs	MMV687699	PB_HMBS	Inhibition		5		%	Not active	PB_HMBS_MMV687699
Pathogen_Box_Bloggs	Pathogen_Box_Bloggs	MMV687730	PB_HMBS	Inhibition		7		%	Not active	PB_HMBS_MMV687730
Pathogen_Box_Bloggs	Pathogen_Box_Bloggs	MMV021660	PB_HMBS	Inhibition		-2		%	Not active	PB_HMBS_MMV021660
Pathogen_Box_Bloggs	Pathogen_Box_Bloggs	MMV688554	PB_HMBS	Inhibition		0		%	Not active	PB_HMBS_MMV688554
Pathogen_Box_Bloggs	Pathogen_Box_Bloggs	MMV676383	PB_HMBS	Inhibition		0		%	Not active	PB_HMBS_MMV676383
Pathogen_Box_Bloggs	Pathogen_Box_Bloggs	MMV676377	PB_HMBS	Inhibition		1		%	Not active	PB_HMBS_MMV676377
Pathogen_Box_Bloggs	Pathogen_Box_Bloggs	MMV676379	PB_HMBS	Inhibition		12		%	Not active	PB_HMBS_MMV676379
Pathogen_Box_Bloggs	Pathogen_Box_Bloggs	MMV676384	PB_HMBS	Inhibition		2		%	Not active	PB_HMBS_MMV676384
Pathogen_Box_Bloggs	Pathogen_Box_Bloggs	MMV676389	PB_HMBS	Inhibition		3		%	Not active	PB_HMBS_MMV676389
Pathogen_Box_Bloggs	Pathogen_Box_Bloggs	MMV676409	PB_HMBS	Inhibition		1		%	Not active	PB_HMBS_MMV676409
Pathogen_Box_Bloggs	Pathogen_Box_Bloggs	MMV676411	PB_HMBS	Inhibition		1		%	Not active	PB_HMBS_MMV676411
Pathogen_Box_Bloggs	Pathogen_Box_Bloggs	MMV676412	PB_HMBS	Inhibition		-1		%	Not active	PB_HMBS_MMV676412
Pathogen_Box_Bloggs	Pathogen_Box_Bloggs	MMV676431	PB_HMBS	Inhibition		10		%	Not active	PB_HMBS_MMV676431
Pathogen_Box_Bloggs	Pathogen_Box_Bloggs	MMV676439	PB_HMBS	Inhibition		4		%	Not active	PB_HMBS_MMV676439
Pathogen_Box_Bloggs	Pathogen_Box_Bloggs	MMV676444	PB_HMBS	Inhibition		2		%	Not active	PB_HMBS_MMV676444
Pathogen_Box_Bloggs	Pathogen_Box_Bloggs	MMV676461	PB_HMBS	Inhibition		2		%	Not active	PB_HMBS_MMV676461
Pathogen_Box_Bloggs	Pathogen_Box_Bloggs	MMV146306	PB_HMBS	Inhibition		0		%	Not active	PB_HMBS_MMV146306
Pathogen_Box_Bloggs	Pathogen_Box_Bloggs	MMV676470	PB_HMBS	Inhibition		15		%	Not active	PB_HMBS_MMV676470
Pathogen_Box_Bloggs	Pathogen_Box_Bloggs	MMV200748	PB_HMBS	Inhibition		4		%	Not active	PB_HMBS_MMV200748
Pathogen_Box_Bloggs	Pathogen_Box_Bloggs	MMV676472	PB_HMBS	Inhibition		3		%	Not active	PB_HMBS_MMV676472
Pathogen_Box_Bloggs	Pathogen_Box_Bloggs	MMV676476	PB_HMBS	Inhibition		5		%	Not active	PB_HMBS_MMV676476
Pathogen_Box_Bloggs	Pathogen_Box_Bloggs	MMV676477	PB_HMBS	Inhibition		7		%	Not active	PB_HMBS_MMV676477
Pathogen_Box_Bloggs	Pathogen_Box_Bloggs	MMV102872	PB_HMBS	Inhibition		-2		%	Not active	PB_HMBS_MMV102872
Pathogen_Box_Bloggs	Pathogen_Box_Bloggs	MMV676526	PB_HMBS	Inhibition		0		%	Not active	PB_HMBS_MMV676526
Pathogen_Box_Bloggs	Pathogen_Box_Bloggs	MMV393995	PB_HMBS	Inhibition		1		%	Not active	PB_HMBS_MMV393995
Pathogen_Box_Bloggs	Pathogen_Box_Bloggs	MMV676554	PB_HMBS	Inhibition		11		%	Not active	PB_HMBS_MMV676554
Pathogen_Box_Bloggs	Pathogen_Box_Bloggs	MMV676558	PB_HMBS	Inhibition		8		%	Not active	PB_HMBS_MMV676558
Pathogen_Box_Bloggs	Pathogen_Box_Bloggs	MMV676584	PB_HMBS	Inhibition		2		%	Not active	PB_HMBS_MMV676584
Pathogen_Box_Bloggs	Pathogen_Box_Bloggs	MMV676588	PB_HMBS	Inhibition		1		%	Not active	PB_HMBS_MMV676588
Pathogen_Box_Bloggs	Pathogen_Box_Bloggs	MMV676597	PB_HMBS	Inhibition		1		%	Not active	PB_HMBS_MMV676597
Pathogen_Box_Bloggs	Pathogen_Box_Bloggs	MMV687189	PB_HMBS	Inhibition		80		%	Active	PB_HMBS_MMV687189
Pathogen_Box_Bloggs	Pathogen_Box_Bloggs	MMV687243	PB_HMBS	Inhibition		0		%	Not active	PB_HMBS_MMV687243
Pathogen_Box_Bloggs	Pathogen_Box_Bloggs	MMV687248	PB_HMBS	Inhibition		1		%	Not active	PB_HMBS_MMV687248
Pathogen_Box_Bloggs	Pathogen_Box_Bloggs	MMV687254	PB_HMBS	Inhibition		14		%	Not active	PB_HMBS_MMV687254
Pathogen_Box_Bloggs	Pathogen_Box_Bloggs	MMV687700	PB_HMBS	Inhibition		-1		%	Not active	PB_HMBS_MMV687700
Pathogen_Box_Bloggs	Pathogen_Box_Bloggs	MMV687703	PB_HMBS	Inhibition		23		%	Not active	PB_HMBS_MMV687703
Pathogen_Box_Bloggs	Pathogen_Box_Bloggs	MMV024311	PB_HMBS	Inhibition		9		%	Not active	PB_HMBS_MMV024311
Pathogen_Box_Bloggs	Pathogen_Box_Bloggs	MMV687729	PB_HMBS	Inhibition		4		%	Not active	PB_HMBS_MMV687729
Pathogen_Box_Bloggs	Pathogen_Box_Bloggs	MMV687747	PB_HMBS	Inhibition		4		%	Not active	PB_HMBS_MMV687747
Pathogen_Box_Bloggs	Pathogen_Box_Bloggs	MMV687807	PB_HMBS	Inhibition		0		%	Not active	PB_HMBS_MMV687807
Pathogen_Box_Bloggs	Pathogen_Box_Bloggs	MMV687812	PB_HMBS	Inhibition		1		%	Not active	PB_HMBS_MMV687812
Pathogen_Box_Bloggs	Pathogen_Box_Bloggs	MMV688553	PB_HMBS	Inhibition		12		%	Not active	PB_HMBS_MMV688553
Pathogen_Box_Bloggs	Pathogen_Box_Bloggs	MMV688555	PB_HMBS	Inhibition		2		%	Not active	PB_HMBS_MMV688555
Pathogen_Box_Bloggs	Pathogen_Box_Bloggs	MMV688557	PB_HMBS	Inhibition		3		%	Not active	PB_HMBS_MMV688557
Pathogen_Box_Bloggs	Pathogen_Box_Bloggs	MMV687251	PB_HMBS	Inhibition		1		%	Not active	PB_HMBS_MMV687251
Pathogen_Box_Bloggs	Pathogen_Box_Bloggs	MMV676449	PB_HMBS	Inhibition		1		%	Not active	PB_HMBS_MMV676449
Pathogen_Box_Bloggs	Pathogen_Box_Bloggs	MMV676401	PB_HMBS	Inhibition		-1		%	Not active	PB_HMBS_MMV676401
Pathogen_Box_Bloggs	Pathogen_Box_Bloggs	MMV676524	PB_HMBS	Inhibition		10		%	Not active	PB_HMBS_MMV676524
Pathogen_Box_Bloggs	Pathogen_Box_Bloggs	MMV688125	PB_HMBS	Inhibition		4		%	Not active	PB_HMBS_MMV688125
Pathogen_Box_Bloggs	Pathogen_Box_Bloggs	MMV688466	PB_HMBS	Inhibition		2		%	Not active	PB_HMBS_MMV688466
Pathogen_Box_Bloggs	Pathogen_Box_Bloggs	MMV687749	PB_HMBS	Inhibition		3		%	Not active	PB_HMBS_MMV687749
Pathogen_Box_Bloggs	Pathogen_Box_Bloggs	MMV023969 	PB_HMBS	Inhibition		0		%	Not active	PB_HMBS_MMV023969 
Pathogen_Box_Bloggs	Pathogen_Box_Bloggs	MMV687765	PB_HMBS	Inhibition		16		%	Not active	PB_HMBS_MMV687765
Pathogen_Box_Bloggs	Pathogen_Box_Bloggs	MMV688124	PB_HMBS	Inhibition		4		%	Not active	PB_HMBS_MMV688124
Pathogen_Box_Bloggs	Pathogen_Box_Bloggs	MMV676512	PB_HMBS	Inhibition		3		%	Not active	PB_HMBS_MMV676512
Pathogen_Box_Bloggs	Pathogen_Box_Bloggs	MMV272144	PB_HMBS	Inhibition		5		%	Not active	PB_HMBS_MMV272144
Pathogen_Box_Bloggs	Pathogen_Box_Bloggs	MMV495543	PB_HMBS	Inhibition		7		%	Not active	PB_HMBS_MMV495543
Pathogen_Box_Bloggs	Pathogen_Box_Bloggs	MMV021013	PB_HMBS	Inhibition		-2		%	Not active	PB_HMBS_MMV021013
Pathogen_Box_Bloggs	Pathogen_Box_Bloggs	MMV054312	PB_HMBS	Inhibition		0		%	Not active	PB_HMBS_MMV054312
Pathogen_Box_Bloggs	Pathogen_Box_Bloggs	MMV228911	PB_HMBS	Inhibition		1		%	Not active	PB_HMBS_MMV228911
Pathogen_Box_Bloggs	Pathogen_Box_Bloggs	MMV553002	PB_HMBS	Inhibition		11		%	Not active	PB_HMBS_MMV553002
Pathogen_Box_Bloggs	Pathogen_Box_Bloggs	MMV676388	PB_HMBS	Inhibition		8		%	Not active	PB_HMBS_MMV676388
Pathogen_Box_Bloggs	Pathogen_Box_Bloggs	MMV688755	PB_HMBS	Inhibition		2		%	Not active	PB_HMBS_MMV688755
Pathogen_Box_Bloggs	Pathogen_Box_Bloggs	MMV688756	PB_HMBS	Inhibition		1		%	Not active	PB_HMBS_MMV688756
Pathogen_Box_Bloggs	Pathogen_Box_Bloggs	MMV688844	PB_HMBS	Inhibition		1		%	Not active	PB_HMBS_MMV688844
Pathogen_Box_Bloggs	Pathogen_Box_Bloggs	MMV688845	PB_HMBS	Inhibition		79		%	Active	PB_HMBS_MMV688845
Pathogen_Box_Bloggs	Pathogen_Box_Bloggs	MMV688846	PB_HMBS	Inhibition		0		%	Not active	PB_HMBS_MMV688846
Pathogen_Box_Bloggs	Pathogen_Box_Bloggs	MMV688888	PB_HMBS	Inhibition		1		%	Not active	PB_HMBS_MMV688888
Pathogen_Box_Bloggs	Pathogen_Box_Bloggs	MMV688889	PB_HMBS	Inhibition		14		%	Not active	PB_HMBS_MMV688889
Pathogen_Box_Bloggs	Pathogen_Box_Bloggs	MMV688891	PB_HMBS	Inhibition		1		%	Not active	PB_HMBS_MMV688891
Pathogen_Box_Bloggs	Pathogen_Box_Bloggs	MMV688936	PB_HMBS	Inhibition		13		%	Not active	PB_HMBS_MMV688936
Pathogen_Box_Bloggs	Pathogen_Box_Bloggs	MMV688939	PB_HMBS	Inhibition		9		%	Not active	PB_HMBS_MMV688939
Pathogen_Box_Bloggs	Pathogen_Box_Bloggs	MMV688941	PB_HMBS	Inhibition		4		%	Not active	PB_HMBS_MMV688941
Pathogen_Box_Bloggs	Pathogen_Box_Bloggs	MMV661713	PB_HMBS	Inhibition		4		%	Not active	PB_HMBS_MMV661713
Pathogen_Box_Bloggs	Pathogen_Box_Bloggs	MMV688938	PB_HMBS	Inhibition		0		%	Not active	PB_HMBS_MMV688938
Pathogen_Box_Bloggs	Pathogen_Box_Bloggs	MMV019551	PB_HMBS	Inhibition		1		%	Not active	PB_HMBS_MMV019551
Pathogen_Box_Bloggs	Pathogen_Box_Bloggs	MMV020982	PB_HMBS	Inhibition		12		%	Not active	PB_HMBS_MMV020982
Pathogen_Box_Bloggs	Pathogen_Box_Bloggs	MMV560185	PB_HMBS	Inhibition		2		%	Not active	PB_HMBS_MMV560185
Pathogen_Box_Bloggs	Pathogen_Box_Bloggs	MMV023953	PB_HMBS	Inhibition		3		%	Not active	PB_HMBS_MMV023953
Pathogen_Box_Bloggs	Pathogen_Box_Bloggs	MMV022029	PB_HMBS	Inhibition		1		%	Not active	PB_HMBS_MMV022029
Pathogen_Box_Bloggs	Pathogen_Box_Bloggs	MMV085071	PB_HMBS	Inhibition		1		%	Not active	PB_HMBS_MMV085071
Pathogen_Box_Bloggs	Pathogen_Box_Bloggs	MMV011691	PB_HMBS	Inhibition		-1		%	Not active	PB_HMBS_MMV011691
Pathogen_Box_Bloggs	Pathogen_Box_Bloggs	MMV031011	PB_HMBS	Inhibition		10		%	Not active	PB_HMBS_MMV031011
Pathogen_Box_Bloggs	Pathogen_Box_Bloggs	MMV001059	PB_HMBS	Inhibition		4		%	Not active	PB_HMBS_MMV001059
Pathogen_Box_Bloggs	Pathogen_Box_Bloggs	MMV010764	PB_HMBS	Inhibition		2		%	Not active	PB_HMBS_MMV010764
Pathogen_Box_Bloggs	Pathogen_Box_Bloggs	MMV032967	PB_HMBS	Inhibition		2		%	Not active	PB_HMBS_MMV032967
Pathogen_Box_Bloggs	Pathogen_Box_Bloggs	MMV010576	PB_HMBS	Inhibition		0		%	Not active	PB_HMBS_MMV010576
Pathogen_Box_Bloggs	Pathogen_Box_Bloggs	MMV085499	PB_HMBS	Inhibition		15		%	Not active	PB_HMBS_MMV085499
Pathogen_Box_Bloggs	Pathogen_Box_Bloggs	MMV026468	PB_HMBS	Inhibition		4		%	Not active	PB_HMBS_MMV026468
Pathogen_Box_Bloggs	Pathogen_Box_Bloggs	MMV676260	PB_HMBS	Inhibition		3		%	Not active	PB_HMBS_MMV676260
Pathogen_Box_Bloggs	Pathogen_Box_Bloggs	MMV393144	PB_HMBS	Inhibition		5		%	Not active	PB_HMBS_MMV393144
Pathogen_Box_Bloggs	Pathogen_Box_Bloggs	MMV392832	PB_HMBS	Inhibition		7		%	Not active	PB_HMBS_MMV392832
Pathogen_Box_Bloggs	Pathogen_Box_Bloggs	MMV663250	PB_HMBS	Inhibition		-2		%	Not active	PB_HMBS_MMV663250
Pathogen_Box_Bloggs	Pathogen_Box_Bloggs	MMV024101	PB_HMBS	Inhibition		0		%	Not active	PB_HMBS_MMV024101
Pathogen_Box_Bloggs	Pathogen_Box_Bloggs	MMV085230	PB_HMBS	Inhibition		1		%	Not active	PB_HMBS_MMV085230
Pathogen_Box_Bloggs	Pathogen_Box_Bloggs	MMV023949	PB_HMBS	Inhibition		11		%	Not active	PB_HMBS_MMV023949
Pathogen_Box_Bloggs	Pathogen_Box_Bloggs	MMV026550	PB_HMBS	Inhibition		8		%	Not active	PB_HMBS_MMV026550
Pathogen_Box_Bloggs	Pathogen_Box_Bloggs	MMV026313	PB_HMBS	Inhibition		2		%	Not active	PB_HMBS_MMV026313
Pathogen_Box_Bloggs	Pathogen_Box_Bloggs	MMV676269	PB_HMBS	Inhibition		1		%	Not active	PB_HMBS_MMV676269
Pathogen_Box_Bloggs	Pathogen_Box_Bloggs	MMV676270	PB_HMBS	Inhibition		1		%	Not active	PB_HMBS_MMV676270
Pathogen_Box_Bloggs	Pathogen_Box_Bloggs	MMV024195	PB_HMBS	Inhibition		71		%	Active	PB_HMBS_MMV024195
Pathogen_Box_Bloggs	Pathogen_Box_Bloggs	MMV028694	PB_HMBS	Inhibition		0		%	Not active	PB_HMBS_MMV028694
Pathogen_Box_Bloggs	Pathogen_Box_Bloggs	MMV024114	PB_HMBS	Inhibition		1		%	Not active	PB_HMBS_MMV024114
Pathogen_Box_Bloggs	Pathogen_Box_Bloggs	MMV023985	PB_HMBS	Inhibition		14		%	Not active	PB_HMBS_MMV023985
Pathogen_Box_Bloggs	Pathogen_Box_Bloggs	MMV032995	PB_HMBS	Inhibition		-1		%	Not active	PB_HMBS_MMV032995
Pathogen_Box_Bloggs	Pathogen_Box_Bloggs	MMV026490	PB_HMBS	Inhibition		23		%	Not active	PB_HMBS_MMV026490
Pathogen_Box_Bloggs	Pathogen_Box_Bloggs	MMV024937	PB_HMBS	Inhibition		9		%	Not active	PB_HMBS_MMV024937
Pathogen_Box_Bloggs	Pathogen_Box_Bloggs	MMV023860	PB_HMBS	Inhibition		4		%	Not active	PB_HMBS_MMV023860
Pathogen_Box_Bloggs	Pathogen_Box_Bloggs	MMV024443	PB_HMBS	Inhibition		4		%	Not active	PB_HMBS_MMV024443
Pathogen_Box_Bloggs	Pathogen_Box_Bloggs	MMV000907	PB_HMBS	Inhibition		0		%	Not active	PB_HMBS_MMV000907
Pathogen_Box_Bloggs	Pathogen_Box_Bloggs	MMV676350	PB_HMBS	Inhibition		1		%	Not active	PB_HMBS_MMV676350
Pathogen_Box_Bloggs	Pathogen_Box_Bloggs	MMV084603	PB_HMBS	Inhibition		12		%	Not active	PB_HMBS_MMV084603
Pathogen_Box_Bloggs	Pathogen_Box_Bloggs	MMV026020	PB_HMBS	Inhibition		2		%	Not active	PB_HMBS_MMV026020
Pathogen_Box_Bloggs	Pathogen_Box_Bloggs	MMV026356	PB_HMBS	Inhibition		3		%	Not active	PB_HMBS_MMV026356
Pathogen_Box_Bloggs	Pathogen_Box_Bloggs	MMV023370	PB_HMBS	Inhibition		1		%	Not active	PB_HMBS_MMV023370
Pathogen_Box_Bloggs	Pathogen_Box_Bloggs	MMV022236	PB_HMBS	Inhibition		1		%	Not active	PB_HMBS_MMV022236
Pathogen_Box_Bloggs	Pathogen_Box_Bloggs	MMV019838	PB_HMBS	Inhibition		-1		%	Not active	PB_HMBS_MMV019838
Pathogen_Box_Bloggs	Pathogen_Box_Bloggs	MMV676380	PB_HMBS	Inhibition		10		%	Not active	PB_HMBS_MMV676380
Pathogen_Box_Bloggs	Pathogen_Box_Bloggs	MMV006372	PB_HMBS	Inhibition		4		%	Not active	PB_HMBS_MMV006372
Pathogen_Box_Bloggs	Pathogen_Box_Bloggs	MMV020512	PB_HMBS	Inhibition		2		%	Not active	PB_HMBS_MMV020512
Pathogen_Box_Bloggs	Pathogen_Box_Bloggs	MMV019721	PB_HMBS	Inhibition		2		%	Not active	PB_HMBS_MMV019721
Pathogen_Box_Bloggs	Pathogen_Box_Bloggs	MMV019234	PB_HMBS	Inhibition		0		%	Not active	PB_HMBS_MMV019234
Pathogen_Box_Bloggs	Pathogen_Box_Bloggs	MMV019807	PB_HMBS	Inhibition		15		%	Not active	PB_HMBS_MMV019807
Pathogen_Box_Bloggs	Pathogen_Box_Bloggs	MMV020623	PB_HMBS	Inhibition		4		%	Not active	PB_HMBS_MMV020623
Pathogen_Box_Bloggs	Pathogen_Box_Bloggs	MMV020136	PB_HMBS	Inhibition		3		%	Not active	PB_HMBS_MMV020136
Pathogen_Box_Bloggs	Pathogen_Box_Bloggs	MMV676442	PB_HMBS	Inhibition		5		%	Not active	PB_HMBS_MMV676442
Pathogen_Box_Bloggs	Pathogen_Box_Bloggs	MMV007920 	PB_HMBS	Inhibition		7		%	Not active	PB_HMBS_MMV007920 
Pathogen_Box_Bloggs	Pathogen_Box_Bloggs	MMV019189	PB_HMBS	Inhibition		-2		%	Not active	PB_HMBS_MMV019189
Pathogen_Box_Bloggs	Pathogen_Box_Bloggs	MMV020120	PB_HMBS	Inhibition		0		%	Not active	PB_HMBS_MMV020120
Pathogen_Box_Bloggs	Pathogen_Box_Bloggs	MMV006901	PB_HMBS	Inhibition		1		%	Not active	PB_HMBS_MMV006901
Pathogen_Box_Bloggs	Pathogen_Box_Bloggs	MMV006741	PB_HMBS	Inhibition		11		%	Not active	PB_HMBS_MMV006741
Pathogen_Box_Bloggs	Pathogen_Box_Bloggs	MMV006239	PB_HMBS	Inhibition		8		%	Not active	PB_HMBS_MMV006239
Pathogen_Box_Bloggs	Pathogen_Box_Bloggs	MMV007638	PB_HMBS	Inhibition		2		%	Not active	PB_HMBS_MMV007638
Pathogen_Box_Bloggs	Pathogen_Box_Bloggs	MMV020537	PB_HMBS	Inhibition		1		%	Not active	PB_HMBS_MMV020537
Pathogen_Box_Bloggs	Pathogen_Box_Bloggs	MMV020320	PB_HMBS	Inhibition		1		%	Not active	PB_HMBS_MMV020320
Pathogen_Box_Bloggs	Pathogen_Box_Bloggs	MMV020152	PB_HMBS	Inhibition		88		%	Active	PB_HMBS_MMV020152
Pathogen_Box_Bloggs	Pathogen_Box_Bloggs	MMV020710	PB_HMBS	Inhibition		0		%	Not active	PB_HMBS_MMV020710
Pathogen_Box_Bloggs	Pathogen_Box_Bloggs	MMV020520	PB_HMBS	Inhibition		1		%	Not active	PB_HMBS_MMV020520
Pathogen_Box_Bloggs	Pathogen_Box_Bloggs	MMV020321	PB_HMBS	Inhibition		14		%	Not active	PB_HMBS_MMV020321
Pathogen_Box_Bloggs	Pathogen_Box_Bloggs	MMV407834	PB_HMBS	Inhibition		-1		%	Not active	PB_HMBS_MMV407834
Pathogen_Box_Bloggs	Pathogen_Box_Bloggs	MMV020165	PB_HMBS	Inhibition		23		%	Not active	PB_HMBS_MMV020165
Pathogen_Box_Bloggs	Pathogen_Box_Bloggs	MMV011903	PB_HMBS	Inhibition		9		%	Not active	PB_HMBS_MMV011903
Pathogen_Box_Bloggs	Pathogen_Box_Bloggs	MMV676528	PB_HMBS	Inhibition		4		%	Not active	PB_HMBS_MMV676528
Pathogen_Box_Bloggs	Pathogen_Box_Bloggs	MMV024397	PB_HMBS	Inhibition		4		%	Not active	PB_HMBS_MMV024397
Pathogen_Box_Bloggs	Pathogen_Box_Bloggs	MMV020391	PB_HMBS	Inhibition		0		%	Not active	PB_HMBS_MMV020391
Pathogen_Box_Bloggs	Pathogen_Box_Bloggs	MMV020291	PB_HMBS	Inhibition		1		%	Not active	PB_HMBS_MMV020291
Pathogen_Box_Bloggs	Pathogen_Box_Bloggs	MMV019087	PB_HMBS	Inhibition		12		%	Not active	PB_HMBS_MMV019087
Pathogen_Box_Bloggs	Pathogen_Box_Bloggs	MMV084864	PB_HMBS	Inhibition		2		%	Not active	PB_HMBS_MMV084864
Pathogen_Box_Bloggs	Pathogen_Box_Bloggs	MMV000858	PB_HMBS	Inhibition		3		%	Not active	PB_HMBS_MMV000858
Pathogen_Box_Bloggs	Pathogen_Box_Bloggs	MMV020517	PB_HMBS	Inhibition		1		%	Not active	PB_HMBS_MMV020517
Pathogen_Box_Bloggs	Pathogen_Box_Bloggs	MMV020289	PB_HMBS	Inhibition		1		%	Not active	PB_HMBS_MMV020289
Pathogen_Box_Bloggs	Pathogen_Box_Bloggs	MMV020591	PB_HMBS	Inhibition		-1		%	Not active	PB_HMBS_MMV020591
Pathogen_Box_Bloggs	Pathogen_Box_Bloggs	MMV019742	PB_HMBS	Inhibition		10		%	Not active	PB_HMBS_MMV019742
Pathogen_Box_Bloggs	Pathogen_Box_Bloggs	MMV085210	PB_HMBS	Inhibition		4		%	Not active	PB_HMBS_MMV085210
Pathogen_Box_Bloggs	Pathogen_Box_Bloggs	MMV009054	PB_HMBS	Inhibition		2		%	Not active	PB_HMBS_MMV009054
Pathogen_Box_Bloggs	Pathogen_Box_Bloggs	MMV016136	PB_HMBS	Inhibition		2		%	Not active	PB_HMBS_MMV016136
Pathogen_Box_Bloggs	Pathogen_Box_Bloggs	MMV676605	PB_HMBS	Inhibition		0		%	Not active	PB_HMBS_MMV676605
Pathogen_Box_Bloggs	Pathogen_Box_Bloggs	MMV022478	PB_HMBS	Inhibition		15		%	Not active	PB_HMBS_MMV022478
Pathogen_Box_Bloggs	Pathogen_Box_Bloggs	MMV020081	PB_HMBS	Inhibition		4		%	Not active	PB_HMBS_MMV020081
Pathogen_Box_Bloggs	Pathogen_Box_Bloggs	MMV024406	PB_HMBS	Inhibition		3		%	Not active	PB_HMBS_MMV024406
Pathogen_Box_Bloggs	Pathogen_Box_Bloggs	MMV676877	PB_HMBS	Inhibition		5		%	Not active	PB_HMBS_MMV676877
Pathogen_Box_Bloggs	Pathogen_Box_Bloggs	MMV023388	PB_HMBS	Inhibition		7		%	Not active	PB_HMBS_MMV023388
Pathogen_Box_Bloggs	Pathogen_Box_Bloggs	MMV676881	PB_HMBS	Inhibition		-2		%	Not active	PB_HMBS_MMV676881
Pathogen_Box_Bloggs	Pathogen_Box_Bloggs	MMV023233	PB_HMBS	Inhibition		0		%	Not active	PB_HMBS_MMV023233
Pathogen_Box_Bloggs	Pathogen_Box_Bloggs	MMV030734	PB_HMBS	Inhibition		1		%	Not active	PB_HMBS_MMV030734
Pathogen_Box_Bloggs	Pathogen_Box_Bloggs	MMV010545	PB_HMBS	Inhibition		11		%	Not active	PB_HMBS_MMV010545
Pathogen_Box_Bloggs	Pathogen_Box_Bloggs	MMV687246	PB_HMBS	Inhibition		8		%	Not active	PB_HMBS_MMV687246
Pathogen_Box_Bloggs	Pathogen_Box_Bloggs	MMV024829	PB_HMBS	Inhibition		2		%	Not active	PB_HMBS_MMV024829
Pathogen_Box_Bloggs	Pathogen_Box_Bloggs	MMV023227	PB_HMBS	Inhibition		1		%	Not active	PB_HMBS_MMV023227
Pathogen_Box_Bloggs	Pathogen_Box_Bloggs	MMV024035	PB_HMBS	Inhibition		1		%	Not active	PB_HMBS_MMV024035
Pathogen_Box_Bloggs	Pathogen_Box_Bloggs	MMV008439	PB_HMBS	Inhibition		71		%	Active	PB_HMBS_MMV008439
Pathogen_Box_Bloggs	Pathogen_Box_Bloggs	MMV687794	PB_HMBS	Inhibition		0		%	Not active	PB_HMBS_MMV687794
Pathogen_Box_Bloggs	Pathogen_Box_Bloggs	MMV1019989	PB_HMBS	Inhibition		1		%	Not active	PB_HMBS_MMV1019989
Pathogen_Box_Bloggs	Pathogen_Box_Bloggs	MMV062221	PB_HMBS	Inhibition		14		%	Not active	PB_HMBS_MMV062221
Pathogen_Box_Bloggs	Pathogen_Box_Bloggs	MMV1088520	PB_HMBS	Inhibition		-1		%	Not active	PB_HMBS_MMV1088520
Pathogen_Box_Bloggs	Pathogen_Box_Bloggs	MMV1028806	PB_HMBS	Inhibition		23		%	Not active	PB_HMBS_MMV1028806
Pathogen_Box_Bloggs	Pathogen_Box_Bloggs	MMV1030799	PB_HMBS	Inhibition		9		%	Not active	PB_HMBS_MMV1030799
Pathogen_Box_Bloggs	Pathogen_Box_Bloggs	MMV1037162	PB_HMBS	Inhibition		4		%	Not active	PB_HMBS_MMV1037162
Pathogen_Box_Bloggs	Pathogen_Box_Bloggs	MMV1029203	PB_HMBS	Inhibition		4		%	Not active	PB_HMBS_MMV1029203
Pathogen_Box_Bloggs	Pathogen_Box_Bloggs	MMV011229	PB_HMBS	Inhibition		0		%	Not active	PB_HMBS_MMV011229
Pathogen_Box_Bloggs	Pathogen_Box_Bloggs	MMV016838	PB_HMBS	Inhibition		1		%	Not active	PB_HMBS_MMV016838
Pathogen_Box_Bloggs	Pathogen_Box_Bloggs	MMV634140	PB_HMBS	Inhibition		12		%	Not active	PB_HMBS_MMV634140
Pathogen_Box_Bloggs	Pathogen_Box_Bloggs	MMV667494	PB_HMBS	Inhibition		2		%	Not active	PB_HMBS_MMV667494
Pathogen_Box_Bloggs	Pathogen_Box_Bloggs	MMV006833	PB_HMBS	Inhibition		3		%	Not active	PB_HMBS_MMV006833
Pathogen_Box_Bloggs	Pathogen_Box_Bloggs	MMV007133	PB_HMBS	Inhibition		1		%	Not active	PB_HMBS_MMV007133
Pathogen_Box_Bloggs	Pathogen_Box_Bloggs	MMV007471	PB_HMBS	Inhibition		1		%	Not active	PB_HMBS_MMV007471
Pathogen_Box_Bloggs	Pathogen_Box_Bloggs	MMV007625	PB_HMBS	Inhibition		-1		%	Not active	PB_HMBS_MMV007625
Pathogen_Box_Bloggs	Pathogen_Box_Bloggs	MMV007803	PB_HMBS	Inhibition		10		%	Not active	PB_HMBS_MMV007803
Pathogen_Box_Bloggs	Pathogen_Box_Bloggs	MMV011511	PB_HMBS	Inhibition		4		%	Not active	PB_HMBS_MMV011511
Pathogen_Box_Bloggs	Pathogen_Box_Bloggs	MMV011765	PB_HMBS	Inhibition		2		%	Not active	PB_HMBS_MMV011765
Pathogen_Box_Bloggs	Pathogen_Box_Bloggs	MMV019790	PB_HMBS	Inhibition		2		%	Not active	PB_HMBS_MMV019790
Pathogen_Box_Bloggs	Pathogen_Box_Bloggs	MMV019993	PB_HMBS	Inhibition		0		%	Not active	PB_HMBS_MMV019993
Pathogen_Box_Bloggs	Pathogen_Box_Bloggs	MMV020388	PB_HMBS	Inhibition		15		%	Not active	PB_HMBS_MMV020388
Pathogen_Box_Bloggs	Pathogen_Box_Bloggs	MMV020670	PB_HMBS	Inhibition		4		%	Not active	PB_HMBS_MMV020670
Pathogen_Box_Bloggs	Pathogen_Box_Bloggs	MMV021057	PB_HMBS	Inhibition		3		%	Not active	PB_HMBS_MMV021057
Pathogen_Box_Bloggs	Pathogen_Box_Bloggs	MMV676358	PB_HMBS	Inhibition		5		%	Not active	PB_HMBS_MMV676358
Pathogen_Box_Bloggs	Pathogen_Box_Bloggs	MMV023183	PB_HMBS	Inhibition		7		%	Not active	PB_HMBS_MMV023183
Pathogen_Box_Bloggs	Pathogen_Box_Bloggs	MMV688980	PB_HMBS	Inhibition		-2		%	Not active	PB_HMBS_MMV688980
Pathogen_Box_Bloggs	Pathogen_Box_Bloggs	MMV021375	PB_HMBS	Inhibition		0		%	Not active	PB_HMBS_MMV021375
Pathogen_Box_Bloggs	Pathogen_Box_Bloggs	MMV009135	PB_HMBS	Inhibition		1		%	Not active	PB_HMBS_MMV009135
Pathogen_Box_Bloggs	Pathogen_Box_Bloggs	MMV004168	PB_HMBS	Inhibition		11		%	Not active	PB_HMBS_MMV004168
Pathogen_Box_Bloggs	Pathogen_Box_Bloggs	MMV1236379	PB_HMBS	Inhibition		8		%	Not active	PB_HMBS_MMV1236379
Pathogen_Box_Bloggs	Pathogen_Box_Bloggs	MMV188296	PB_HMBS	Inhibition		2		%	Not active	PB_HMBS_MMV188296
Pathogen_Box_Bloggs	Pathogen_Box_Bloggs	MMV202553	PB_HMBS	Inhibition		1		%	Not active	PB_HMBS_MMV202553
Pathogen_Box_Bloggs	Pathogen_Box_Bloggs	MMV652003	PB_HMBS	Inhibition		8		%	Not active	PB_HMBS_MMV652003
Pathogen_Box_Bloggs	Pathogen_Box_Bloggs	MMV675998	PB_HMBS	Inhibition		2		%	Not active	PB_HMBS_MMV675998
Pathogen_Box_Bloggs	Pathogen_Box_Bloggs	MMV658988	PB_HMBS	Inhibition		1		%	Not active	PB_HMBS_MMV658988
Pathogen_Box_Bloggs	Pathogen_Box_Bloggs	MMV659004	PB_HMBS	Inhibition		1		%	Not active	PB_HMBS_MMV659004
Pathogen_Box_Bloggs	Pathogen_Box_Bloggs	MMV676008	PB_HMBS	Inhibition		77		%	Active	PB_HMBS_MMV676008
Pathogen_Box_Bloggs	Pathogen_Box_Bloggs	MMV676048	PB_HMBS	Inhibition		0		%	Not active	PB_HMBS_MMV676048
Pathogen_Box_Bloggs	Pathogen_Box_Bloggs	MMV045105	PB_HMBS	Inhibition		1		%	Not active	PB_HMBS_MMV045105
Pathogen_Box_Bloggs	Pathogen_Box_Bloggs	MMV676057	PB_HMBS	Inhibition		14		%	Not active	PB_HMBS_MMV676057
Pathogen_Box_Bloggs	Pathogen_Box_Bloggs	MMV659010	PB_HMBS	Inhibition		-1		%	Not active	PB_HMBS_MMV659010
Pathogen_Box_Bloggs	Pathogen_Box_Bloggs	MMV676159	PB_HMBS	Inhibition		23		%	Not active	PB_HMBS_MMV676159
Pathogen_Box_Bloggs	Pathogen_Box_Bloggs	MMV676161	PB_HMBS	Inhibition		9		%	Not active	PB_HMBS_MMV676161
Pathogen_Box_Bloggs	Pathogen_Box_Bloggs	MMV676162	PB_HMBS	Inhibition		4		%	Not active	PB_HMBS_MMV676162
Pathogen_Box_Bloggs	Pathogen_Box_Bloggs	MMV658993	PB_HMBS	Inhibition		4		%	Not active	PB_HMBS_MMV658993
Pathogen_Box_Bloggs	Pathogen_Box_Bloggs	MMV676186	PB_HMBS	Inhibition		0		%	Not active	PB_HMBS_MMV676186
Pathogen_Box_Bloggs	Pathogen_Box_Bloggs	MMV001561	PB_HMBS	Inhibition		1		%	Not active	PB_HMBS_MMV001561
Pathogen_Box_Bloggs	Pathogen_Box_Bloggs	MMV676600	PB_HMBS	Inhibition		12		%	Not active	PB_HMBS_MMV676600
Pathogen_Box_Bloggs	Pathogen_Box_Bloggs	MMV676602	PB_HMBS	Inhibition		2		%	Not active	PB_HMBS_MMV676602
Pathogen_Box_Bloggs	Pathogen_Box_Bloggs	MMV676604	PB_HMBS	Inhibition		3		%	Not active	PB_HMBS_MMV676604
Pathogen_Box_Bloggs	Pathogen_Box_Bloggs	MMV687706	PB_HMBS	Inhibition		1		%	Not active	PB_HMBS_MMV687706
Pathogen_Box_Bloggs	Pathogen_Box_Bloggs	MMV687762	PB_HMBS	Inhibition		1		%	Not active	PB_HMBS_MMV687762
Pathogen_Box_Bloggs	Pathogen_Box_Bloggs	MMV688179	PB_HMBS	Inhibition		-1		%	Not active	PB_HMBS_MMV688179
Pathogen_Box_Bloggs	Pathogen_Box_Bloggs	MMV688180	PB_HMBS	Inhibition		10		%	Not active	PB_HMBS_MMV688180
Pathogen_Box_Bloggs	Pathogen_Box_Bloggs	MMV688271	PB_HMBS	Inhibition		4		%	Not active	PB_HMBS_MMV688271
Pathogen_Box_Bloggs	Pathogen_Box_Bloggs	MMV688273	PB_HMBS	Inhibition		2		%	Not active	PB_HMBS_MMV688273
Pathogen_Box_Bloggs	Pathogen_Box_Bloggs	MMV688274	PB_HMBS	Inhibition		3		%	Not active	PB_HMBS_MMV688274
Pathogen_Box_Bloggs	Pathogen_Box_Bloggs	MMV688279	PB_HMBS	Inhibition		0		%	Not active	PB_HMBS_MMV688279
Pathogen_Box_Bloggs	Pathogen_Box_Bloggs	MMV688283	PB_HMBS	Inhibition		16		%	Not active	PB_HMBS_MMV688283
Pathogen_Box_Bloggs	Pathogen_Box_Bloggs	MMV688360	PB_HMBS	Inhibition		4		%	Not active	PB_HMBS_MMV688360
Pathogen_Box_Bloggs	Pathogen_Box_Bloggs	MMV688361	PB_HMBS	Inhibition		3		%	Not active	PB_HMBS_MMV688361
Pathogen_Box_Bloggs	Pathogen_Box_Bloggs	MMV688362	PB_HMBS	Inhibition		37		%	Not active	PB_HMBS_MMV688362
Pathogen_Box_Bloggs	Pathogen_Box_Bloggs	MMV688371	PB_HMBS	Inhibition		7		%	Not active	PB_HMBS_MMV688371
Pathogen_Box_Bloggs	Pathogen_Box_Bloggs	MMV688407	PB_HMBS	Inhibition		-2		%	Not active	PB_HMBS_MMV688407
Pathogen_Box_Bloggs	Pathogen_Box_Bloggs	MMV688410	PB_HMBS	Inhibition		0		%	Not active	PB_HMBS_MMV688410
Pathogen_Box_Bloggs	Pathogen_Box_Bloggs	MMV688415	PB_HMBS	Inhibition		1		%	Not active	PB_HMBS_MMV688415
Pathogen_Box_Bloggs	Pathogen_Box_Bloggs	MMV688467	PB_HMBS	Inhibition		11		%	Not active	PB_HMBS_MMV688467
Pathogen_Box_Bloggs	Pathogen_Box_Bloggs	MMV688474	PB_HMBS	Inhibition		8		%	Not active	PB_HMBS_MMV688474
Pathogen_Box_Bloggs	Pathogen_Box_Bloggs	MMV688514	PB_HMBS	Inhibition		2		%	Not active	PB_HMBS_MMV688514
Pathogen_Box_Bloggs	Pathogen_Box_Bloggs	MMV688547	PB_HMBS	Inhibition		1		%	Not active	PB_HMBS_MMV688547
Pathogen_Box_Bloggs	Pathogen_Box_Bloggs	MMV688550	PB_HMBS	Inhibition		12		%	Not active	PB_HMBS_MMV688550
Pathogen_Box_Bloggs	Pathogen_Box_Bloggs	MMV688754	PB_HMBS	Inhibition		2		%	Not active	PB_HMBS_MMV688754
Pathogen_Box_Bloggs	Pathogen_Box_Bloggs	MMV688776	PB_HMBS	Inhibition		3		%	Not active	PB_HMBS_MMV688776
Pathogen_Box_Bloggs	Pathogen_Box_Bloggs	MMV099637	PB_HMBS	Inhibition		1		%	Not active	PB_HMBS_MMV099637
Pathogen_Box_Bloggs	Pathogen_Box_Bloggs	MMV688793	PB_HMBS	Inhibition		1		%	Not active	PB_HMBS_MMV688793
Pathogen_Box_Bloggs	Pathogen_Box_Bloggs	MMV688795	PB_HMBS	Inhibition		-1		%	Not active	PB_HMBS_MMV688795
Pathogen_Box_Bloggs	Pathogen_Box_Bloggs	MMV688796	PB_HMBS	Inhibition		10		%	Not active	PB_HMBS_MMV688796
Pathogen_Box_Bloggs	Pathogen_Box_Bloggs	MMV688797	PB_HMBS	Inhibition		4		%	Not active	PB_HMBS_MMV688797
Pathogen_Box_Bloggs	Pathogen_Box_Bloggs	MMV688798	PB_HMBS	Inhibition		2		%	Not active	PB_HMBS_MMV688798
Pathogen_Box_Bloggs	Pathogen_Box_Bloggs	MMV688934	PB_HMBS	Inhibition		2		%	Not active	PB_HMBS_MMV688934
Pathogen_Box_Bloggs	Pathogen_Box_Bloggs	MMV688942	PB_HMBS	Inhibition		0		%	Not active	PB_HMBS_MMV688942
Pathogen_Box_Bloggs	Pathogen_Box_Bloggs	MMV688943	PB_HMBS	Inhibition		15		%	Not active	PB_HMBS_MMV688943
Pathogen_Box_Bloggs	Pathogen_Box_Bloggs	MMV688958	PB_HMBS	Inhibition		0		%	Not active	PB_HMBS_MMV688958
Pathogen_Box_Bloggs	Pathogen_Box_Bloggs	MMV675997	PB_HMBS	Inhibition		1		%	Not active	PB_HMBS_MMV675997
Pathogen_Box_Bloggs	Pathogen_Box_Bloggs	MMV688372	PB_HMBS	Inhibition		14		%	Not active	PB_HMBS_MMV688372
Pathogen_Box_Bloggs	Pathogen_Box_Bloggs	MMV595321	PB_HMBS	Inhibition		-1		%	Not active	PB_HMBS_MMV595321
Pathogen_Box_Bloggs	Pathogen_Box_Bloggs	MMV689028	PB_HMBS	Inhibition		23		%	Not active	PB_HMBS_MMV689028
Pathogen_Box_Bloggs	Pathogen_Box_Bloggs	MMV689029	PB_HMBS	Inhibition		9		%	Not active	PB_HMBS_MMV689029
Pathogen_Box_Bloggs	Pathogen_Box_Bloggs	MMV689061	PB_HMBS	Inhibition		4		%	Not active	PB_HMBS_MMV689061
Pathogen_Box_Bloggs	Pathogen_Box_Bloggs	MMV689709	PB_HMBS	Inhibition		4		%	Not active	PB_HMBS_MMV689709
Pathogen_Box_Bloggs	Pathogen_Box_Bloggs	MMV689060	PB_HMBS	Inhibition		0		%	Not active	PB_HMBS_MMV689060
Pathogen_Box_Bloggs	Pathogen_Box_Bloggs	MMV689437	PB_HMBS	Inhibition		1		%	Not active	PB_HMBS_MMV689437
Pathogen_Box_Bloggs	Pathogen_Box_Bloggs	MMV689243	PB_HMBS	Inhibition		12		%	Not active	PB_HMBS_MMV689243
Pathogen_Box_Bloggs	Pathogen_Box_Bloggs	MMV689244	PB_HMBS	Inhibition		2		%	Not active	PB_HMBS_MMV689244
Pathogen_Box_Bloggs	Pathogen_Box_Bloggs	MMV690027	PB_HMBS	Inhibition		3		%	Not active	PB_HMBS_MMV690027
Pathogen_Box_Bloggs	Pathogen_Box_Bloggs	MMV690028	PB_HMBS	Inhibition		1		%	Not active	PB_HMBS_MMV690028
Pathogen_Box_Bloggs	Pathogen_Box_Bloggs	MMV690103	PB_HMBS	Inhibition		1		%	Not active	PB_HMBS_MMV690103
Pathogen_Box_Bloggs	Pathogen_Box_Bloggs	MMV690102	PB_HMBS	Inhibition		-1		%	Not active	PB_HMBS_MMV690102
Pathogen_Box_Bloggs	Pathogen_Box_Bloggs	MMV675968	PB_HMBS	Inhibition		10		%	Not active	PB_HMBS_MMV675968
Pathogen_Box_Bloggs	Pathogen_Box_Bloggs	MMV675993	PB_HMBS	Inhibition		4		%	Not active	PB_HMBS_MMV675993
Pathogen_Box_Bloggs	Pathogen_Box_Bloggs	MMV675994	PB_HMBS	Inhibition		2		%	Not active	PB_HMBS_MMV675994
Pathogen_Box_Bloggs	Pathogen_Box_Bloggs	MMV676050	PB_HMBS	Inhibition		2		%	Not active	PB_HMBS_MMV676050
Pathogen_Box_Bloggs	Pathogen_Box_Bloggs	MMV676053	PB_HMBS	Inhibition		0		%	Not active	PB_HMBS_MMV676053
Pathogen_Box_Bloggs	Pathogen_Box_Bloggs	MMV676182	PB_HMBS	Inhibition		15		%	Not active	PB_HMBS_MMV676182
Pathogen_Box_Bloggs	Pathogen_Box_Bloggs	MMV676191	PB_HMBS	Inhibition		4		%	Not active	PB_HMBS_MMV676191
Pathogen_Box_Bloggs	Pathogen_Box_Bloggs	MMV676599	PB_HMBS	Inhibition		3		%	Not active	PB_HMBS_MMV676599
Pathogen_Box_Bloggs	Pathogen_Box_Bloggs	MMV688853	PB_HMBS	Inhibition		5		%	Not active	PB_HMBS_MMV688853
Pathogen_Box_Bloggs	Pathogen_Box_Bloggs	MMV688854	PB_HMBS	Inhibition		7		%	Not active	PB_HMBS_MMV688854
Pathogen_Box_Bloggs	Pathogen_Box_Bloggs	MMV689255	PB_HMBS	Inhibition		-2		%	Not active	PB_HMBS_MMV689255
Pathogen_Box_Bloggs	Pathogen_Box_Bloggs	MMV001493	PB_HMBS	Inhibition		0		%	Not active	PB_HMBS_MMV001493
Pathogen_Box_Bloggs	Pathogen_Box_Bloggs	MMV002817	PB_HMBS	Inhibition		1		%	Not active	PB_HMBS_MMV002817
Pathogen_Box_Bloggs	Pathogen_Box_Bloggs	MMV671636	PB_HMBS	Inhibition		11		%	Not active	PB_HMBS_MMV671636
Pathogen_Box_Bloggs	Pathogen_Box_Bloggs	MMV687775	PB_HMBS	Inhibition		8		%	Not active	PB_HMBS_MMV687775
Pathogen_Box_Bloggs	Pathogen_Box_Bloggs	MMV687776	PB_HMBS	Inhibition		2		%	Not active	PB_HMBS_MMV687776
Pathogen_Box_Bloggs	Pathogen_Box_Bloggs	MMV668727	PB_HMBS	Inhibition		1		%	Not active	PB_HMBS_MMV668727
Pathogen_Box_Bloggs	Pathogen_Box_Bloggs	MMV675996	PB_HMBS	Inhibition		1		%	Not active	PB_HMBS_MMV675996
Pathogen_Box_Bloggs	Pathogen_Box_Bloggs	MMV676064	PB_HMBS	Inhibition		90		%	Active	PB_HMBS_MMV676064
Pathogen_Box_Bloggs	Pathogen_Box_Bloggs	MMV676492	PB_HMBS	Inhibition		0		%	Not active	PB_HMBS_MMV676492
Pathogen_Box_Bloggs	Pathogen_Box_Bloggs	MMV675969	PB_HMBS	Inhibition		1		%	Not active	PB_HMBS_MMV675969
Pathogen_Box_Bloggs	Pathogen_Box_Bloggs	MMV675995	PB_HMBS	Inhibition		14		%	Not active	PB_HMBS_MMV675995
Pathogen_Box_Bloggs	Pathogen_Box_Bloggs	MMV676204	PB_HMBS	Inhibition		-1		%	Not active	PB_HMBS_MMV676204
Pathogen_Box_Bloggs	Pathogen_Box_Bloggs	MMV676480	PB_HMBS	Inhibition		23		%	Not active	PB_HMBS_MMV676480
Pathogen_Box_Bloggs	Pathogen_Box_Bloggs	MMV676063	PB_HMBS	Inhibition		9		%	Not active	PB_HMBS_MMV676063
Pathogen_Box_Bloggs	Pathogen_Box_Bloggs	MMV407539	PB_HMBS	Inhibition		4		%	Not active	PB_HMBS_MMV407539
Pathogen_Box_Bloggs	Pathogen_Box_Bloggs	MMV676398	PB_HMBS	Inhibition		4		%	Not active	PB_HMBS_MMV676398
Pathogen_Box_Bloggs	Pathogen_Box_Bloggs	MMV1110498	PB_HMBS	Inhibition		3		%	Not active	PB_HMBS_MMV1110498
Pathogen_Box_Bloggs	Pathogen_Box_Bloggs	MMV676382	PB_HMBS	Inhibition		5		%	Not active	PB_HMBS_MMV676382
Pathogen_Box_Bloggs	Pathogen_Box_Bloggs	MMV676536	PB_HMBS	Inhibition		7		%	Not active	PB_HMBS_MMV676536
Pathogen_Box_Bloggs	Pathogen_Box_Bloggs	MMV688178	PB_HMBS	Inhibition		-2		%	Not active	PB_HMBS_MMV688178
Pathogen_Box_Bloggs	Pathogen_Box_Bloggs	MMV688313	PB_HMBS	Inhibition		0		%	Not active	PB_HMBS_MMV688313
Pathogen_Box_Bloggs	Pathogen_Box_Bloggs	MMV688270	PB_HMBS	Inhibition		1		%	Not active	PB_HMBS_MMV688270
Pathogen_Box_Bloggs	Pathogen_Box_Bloggs	MMV688762	PB_HMBS	Inhibition		11		%	Not active	PB_HMBS_MMV688762
Pathogen_Box_Bloggs	Pathogen_Box_Bloggs	MMV688771	PB_HMBS	Inhibition		1		%	Not active	PB_HMBS_MMV688771
Pathogen_Box_Bloggs	Pathogen_Box_Bloggs	MMV688768	PB_HMBS	Inhibition		82		%	Active	PB_HMBS_MMV688768
Pathogen_Box_Bloggs	Pathogen_Box_Bloggs	MMV688763	PB_HMBS	Inhibition		0		%	Not active	PB_HMBS_MMV688763
Pathogen_Box_Bloggs	Pathogen_Box_Bloggs	MMV688761	PB_HMBS	Inhibition		1		%	Not active	PB_HMBS_MMV688761
Pathogen_Box_Bloggs	Pathogen_Box_Bloggs	MMV688552	PB_HMBS	Inhibition		12		%	Not active	PB_HMBS_MMV688552
Pathogen_Box_Bloggs	Pathogen_Box_Bloggs	MMV688766	PB_HMBS	Inhibition		2		%	Not active	PB_HMBS_MMV688766
Pathogen_Box_Bloggs	Pathogen_Box_Bloggs	MMV1198433	PB_HMBS	Inhibition		46		%	Not active	PB_HMBS_MMV1198433
Pathogen_Box_Bloggs	Pathogen_Box_Bloggs	MMV637229	PB_HMBS	Inhibition		1		%	Not active	PB_HMBS_MMV637229
Pathogen_Box_Bloggs	Pathogen_Box_Bloggs	MMV003270 	PB_HMBS	Inhibition		1		%	Not active	PB_HMBS_MMV003270 
Pathogen_Box_Bloggs	Pathogen_Box_Bloggs	MMV688330	PB_HMBS	Inhibition		-1		%	Not active	PB_HMBS_MMV688330
Pathogen_Box_Bloggs	Pathogen_Box_Bloggs	MMV688345	PB_HMBS	Inhibition		10		%	Not active	PB_HMBS_MMV688345
Pathogen_Box_Bloggs	Pathogen_Box_Bloggs	MMV688364	PB_HMBS	Inhibition		4		%	Not active	PB_HMBS_MMV688364
Pathogen_Box_Bloggs	Pathogen_Box_Bloggs	MMV688411	PB_HMBS	Inhibition		2		%	Not active	PB_HMBS_MMV688411
Pathogen_Box_Bloggs	Pathogen_Box_Bloggs	MMV688417	PB_HMBS	Inhibition		2		%	Not active	PB_HMBS_MMV688417
Pathogen_Box_Bloggs	Pathogen_Box_Bloggs	MMV688469	PB_HMBS	Inhibition		0		%	Not active	PB_HMBS_MMV688469
Pathogen_Box_Bloggs	Pathogen_Box_Bloggs	MMV688470	PB_HMBS	Inhibition		15		%	Not active	PB_HMBS_MMV688470
Pathogen_Box_Bloggs	Pathogen_Box_Bloggs	MMV688471	PB_HMBS	Inhibition		4		%	Not active	PB_HMBS_MMV688471
Pathogen_Box_Bloggs	Pathogen_Box_Bloggs	MMV688472	PB_HMBS	Inhibition		3		%	Not active	PB_HMBS_MMV688472
Pathogen_Box_Bloggs	Pathogen_Box_Bloggs	MMV688509	PB_HMBS	Inhibition		5		%	Not active	PB_HMBS_MMV688509
Pathogen_Box_Bloggs	Pathogen_Box_Bloggs	MMV688548	PB_HMBS	Inhibition		7		%	Not active	PB_HMBS_MMV688548
Pathogen_Box_Bloggs	Pathogen_Box_Bloggs	MMV688703	PB_HMBS	Inhibition		-2		%	Not active	PB_HMBS_MMV688703
Pathogen_Box_Bloggs	Pathogen_Box_Bloggs	MMV688704	PB_HMBS	Inhibition		0		%	Not active	PB_HMBS_MMV688704
Pathogen_Box_Bloggs	Pathogen_Box_Bloggs	MMV688852	PB_HMBS	Inhibition		0		%	Not active	PB_HMBS_MMV688852
Pathogen_Box_Bloggs	Pathogen_Box_Bloggs	MMV688955	PB_HMBS	Inhibition		1		%	Not active	PB_HMBS_MMV688955
Pathogen_Box_Bloggs	Pathogen_Box_Bloggs	MMV688350	PB_HMBS	Inhibition		12		%	Not active	PB_HMBS_MMV688350
Pathogen_Box_Bloggs	Pathogen_Box_Bloggs	MMV688416	PB_HMBS	Inhibition		2		%	Not active	PB_HMBS_MMV688416
Pathogen_Box_Bloggs	Pathogen_Box_Bloggs	MMV688543	PB_HMBS	Inhibition		3		%	Not active	PB_HMBS_MMV688543
Pathogen_Box_Bloggs	Pathogen_Box_Bloggs	MMV688921	PB_HMBS	Inhibition		1		%	Not active	PB_HMBS_MMV688921
Pathogen_Box_Bloggs	Pathogen_Box_Bloggs	MMV688352	PB_HMBS	Inhibition		1		%	Not active	PB_HMBS_MMV688352
Pathogen_Box_Bloggs	Pathogen_Box_Bloggs	MMV689758	PB_HMBS	Inhibition		-1		%	Not active	PB_HMBS_MMV689758
Pathogen_Box_Bloggs	Pathogen_Box_Bloggs	MMV000062	PB_HMBS	Inhibition		10		%	Not active	PB_HMBS_MMV000062
Pathogen_Box_Bloggs	Pathogen_Box_Bloggs	MMV002529	PB_HMBS	Inhibition		4		%	Not active	PB_HMBS_MMV002529
Pathogen_Box_Bloggs	Pathogen_Box_Bloggs	MMV687800	PB_HMBS	Inhibition		39		%	Not active	PB_HMBS_MMV687800
Pathogen_Box_Bloggs	Pathogen_Box_Bloggs	MMV001625	PB_HMBS	Inhibition		2		%	Not active	PB_HMBS_MMV001625
Pathogen_Box_Bloggs	Pathogen_Box_Bloggs	MMV637953	PB_HMBS	Inhibition		0		%	Not active	PB_HMBS_MMV637953
Pathogen_Box_Bloggs	Pathogen_Box_Bloggs	MMV000063	PB_HMBS	Inhibition		15		%	Not active	PB_HMBS_MMV000063
Pathogen_Box_Bloggs	Pathogen_Box_Bloggs	MMV688773	PB_HMBS	Inhibition		4		%	Not active	PB_HMBS_MMV688773
Pathogen_Box_Bloggs	Pathogen_Box_Bloggs	MMV000011	PB_HMBS	Inhibition		3		%	Not active	PB_HMBS_MMV000011
Pathogen_Box_Bloggs	Pathogen_Box_Bloggs	MMV688774	PB_HMBS	Inhibition		5		%	Not active	PB_HMBS_MMV688774
Pathogen_Box_Bloggs	Pathogen_Box_Bloggs	MMV688991	PB_HMBS	Inhibition		7		%	Not active	PB_HMBS_MMV688991
Pathogen_Box_Bloggs	Pathogen_Box_Bloggs	MMV687801	PB_HMBS	Inhibition		-2		%	Not active	PB_HMBS_MMV687801
Pathogen_Box_Bloggs	Pathogen_Box_Bloggs	MMV689480	PB_HMBS	Inhibition		0		%	Not active	PB_HMBS_MMV689480
Pathogen_Box_Bloggs	Pathogen_Box_Bloggs	MMV003152	PB_HMBS	Inhibition		1		%	Not active	PB_HMBS_MMV003152
Pathogen_Box_Bloggs	Pathogen_Box_Bloggs	MMV000023	PB_HMBS	Inhibition		11		%	Not active	PB_HMBS_MMV000023
Pathogen_Box_Bloggs	Pathogen_Box_Bloggs	MMV000014	PB_HMBS	Inhibition		8		%	Not active	PB_HMBS_MMV000014
Pathogen_Box_Bloggs	Pathogen_Box_Bloggs	MMV687803	PB_HMBS	Inhibition		2		%	Not active	PB_HMBS_MMV687803
Pathogen_Box_Bloggs	Pathogen_Box_Bloggs	MMV688994	PB_HMBS	Inhibition		1		%	Not active	PB_HMBS_MMV688994
Pathogen_Box_Bloggs	Pathogen_Box_Bloggs	MMV687798	PB_HMBS	Inhibition		1		%	Not active	PB_HMBS_MMV687798
Pathogen_Box_Bloggs	Pathogen_Box_Bloggs	MMV688775	PB_HMBS	Inhibition		80		%	Active	PB_HMBS_MMV688775
Pathogen_Box_Bloggs	Pathogen_Box_Bloggs	MMV689000	PB_HMBS	Inhibition		0		%	Not active	PB_HMBS_MMV689000
Pathogen_Box_Bloggs	Pathogen_Box_Bloggs	MMV001499	PB_HMBS	Inhibition		1		%	Not active	PB_HMBS_MMV001499
Pathogen_Box_Bloggs	Pathogen_Box_Bloggs	MMV002816	PB_HMBS	Inhibition		14		%	Not active	PB_HMBS_MMV002816
Pathogen_Box_Bloggs	Pathogen_Box_Bloggs	MMV687796	PB_HMBS	Inhibition		-1		%	Not active	PB_HMBS_MMV687796
Pathogen_Box_Bloggs	Pathogen_Box_Bloggs	MMV688978	PB_HMBS	Inhibition		23		%	Not active	PB_HMBS_MMV688978
Pathogen_Box_Bloggs	Pathogen_Box_Bloggs	MMV688990	PB_HMBS	Inhibition		9		%	Not active	PB_HMBS_MMV688990